"id","note","only","parent_id","name","is_translated","created_at","updated_at","deleted_at","except"
1,,,,"{""en"":""Energy"",""pt-PT"":""Energia"",""pt-BR"":""Energia"",""es"":""Energ\u00eda"",""fr"":""\u00c9nergie""}","{""en"":true,""pt-PT"":true,""pt-BR"":true,""es"":true,""fr"":true}","2022-05-23T04:51:22.000Z","2022-05-23T04:51:22.000Z",,
2,,,1,"{""en"":""Oil & Gas Drilling"",""pt-PT"":""Perfura\u00e7\u00e3o de po\u00e7os de Petr\u00f3leo e G\u00e1s"",""pt-BR"":""Perfura\u00e7\u00e3o de Po\u00e7os de Petr\u00f3leo e G\u00e1s"",""es"":""Perforaci\u00f3n de petr\u00f3leo y gas"",""fr"":""Forage p\u00e9trolier et gazier""}","{""en"":true,""pt-PT"":true,""pt-BR"":true,""es"":true,""fr"":true}","2022-05-23T04:51:22.000Z","2022-11-10T08:55:24.000Z",,
3,,,1,"{""en"":""Oil & Gas Equipment & Services"",""pt-PT"":""Equipamento e Servi\u00e7os de Petr\u00f3leo e G\u00e1s"",""pt-BR"":""Equipamentos e Servi\u00e7os de Petr\u00f3leo e G\u00e1s"",""es"":""Equipos y servicios para el petr\u00f3leo y el gas"",""fr"":""\u00c9quipement et services pour le p\u00e9trole et le gaz""}","{""en"":true,""pt-PT"":true,""pt-BR"":true,""es"":true,""fr"":true}","2022-05-23T04:51:22.000Z","2022-11-10T08:55:24.000Z",,
4,,,1,"{""en"":""Integrated Oil & Gas "",""pt-PT"":""Petr\u00f3leo e G\u00e1s integrados "",""pt-BR"":""Petr\u00f3leo e G\u00e1s Integrado"",""es"":""Petr\u00f3leo y gas integrado "",""fr"":""P\u00e9trole et gaz int\u00e9gr\u00e9s ""}","{""en"":true,""pt-PT"":true,""pt-BR"":true,""es"":true,""fr"":true}","2022-05-23T04:51:22.000Z","2022-11-10T08:55:24.000Z",,
5,,,1,"{""en"":""Oil & Gas Exploration & Production"",""pt-PT"":""Explora\u00e7\u00e3o e Produ\u00e7\u00e3o de Petr\u00f3leo e G\u00e1s"",""pt-BR"":""Explora\u00e7\u00e3o e Produ\u00e7\u00e3o de Petr\u00f3leo e G\u00e1s"",""es"":""Exploraci\u00f3n y producci\u00f3n de petr\u00f3leo y gas"",""fr"":""Exploration et production de p\u00e9trole et de gaz""}","{""en"":true,""pt-PT"":true,""pt-BR"":true,""es"":true,""fr"":true}","2022-05-23T04:51:22.000Z","2022-05-23T04:51:22.000Z",,
6,,,1,"{""en"":""Oil & Gas Refining & Marketing"",""pt-PT"":""Refina\u00e7\u00e3o e comercializa\u00e7\u00e3o de petr\u00f3leo e g\u00e1s"",""pt-BR"":""Refina\u00e7\u00e3o e Comercializa\u00e7\u00e3o de Petr\u00f3leo e G\u00e1s"",""es"":""Refinaci\u00f3n y comercializaci\u00f3n de petr\u00f3leo y gas"",""fr"":""Raffinage et commercialisation du p\u00e9trole et du gaz""}","{""en"":true,""pt-PT"":true,""pt-BR"":true,""es"":true,""fr"":true}","2022-05-23T04:51:22.000Z","2022-11-10T08:55:24.000Z",,
7,,,1,"{""en"":""Oil & Gas Storage & Transportation"",""pt-PT"":""Armazenamento e Transporte de Petr\u00f3leo e G\u00e1s"",""pt-BR"":""Armazenamento e Transporte de Petr\u00f3leo e G\u00e1s"",""es"":""Almacenamiento y transporte de petr\u00f3leo y gas"",""fr"":""Stockage et transport du p\u00e9trole et du gaz""}","{""en"":true,""pt-PT"":true,""pt-BR"":true,""es"":true,""fr"":true}","2022-05-23T04:51:22.000Z","2022-05-23T04:51:22.000Z",,
8,,,1,"{""en"":""Coal & Consumable Fuels"",""pt-PT"":""Carv\u00e3o e Combust\u00edveis de Consumo"",""pt-BR"":""Carv\u00e3o e Combust\u00edveis de Consumo"",""es"":""Carb\u00f3n y combustibles consumibles"",""fr"":""Charbon et combustibles consommables""}","{""en"":true,""pt-PT"":true,""pt-BR"":true,""es"":true,""fr"":true}","2022-05-23T04:51:22.000Z","2022-05-23T04:51:22.000Z",,
9,,,,"{""en"":""Materials"",""pt-PT"":""Materiais"",""pt-BR"":""Materiais"",""es"":""Materiales"",""fr"":""Mat\u00e9riaux""}","{""en"":true,""pt-PT"":true,""pt-BR"":true,""es"":true,""fr"":true}","2022-05-23T04:51:22.000Z","2022-05-23T04:51:22.000Z",,
10,,,9,"{""en"":""Commodity Chemicals"",""pt-PT"":""Produtos qu\u00edmicos gen\u00e9ricos"",""pt-BR"":""Produtos Qu\u00edmicos Gen\u00e9ricos"",""es"":""Productos qu\u00edmicos b\u00e1sicos"",""fr"":""Produits chimiques de base""}","{""en"":true,""pt-PT"":true,""pt-BR"":true,""es"":true,""fr"":true}","2022-05-23T04:51:22.000Z","2022-11-10T08:55:24.000Z",,
11,,,9,"{""en"":""Diversified Chemicals"",""pt-PT"":""Produtos Qu\u00edmicos Diversificados"",""pt-BR"":""Produtos Qu\u00edmicos Diversificados"",""es"":""Productos qu\u00edmicos diversificados"",""fr"":""Produits chimiques diversifi\u00e9s""}","{""en"":true,""pt-PT"":true,""pt-BR"":true,""es"":true,""fr"":true}","2022-05-23T04:51:22.000Z","2022-05-23T04:51:22.000Z",,
12,,,9,"{""en"":""Fertilizers & Agricultural Chemicals"",""pt-PT"":""Fertilizantes e Produtos Qu\u00edmicos Agr\u00edcolas"",""pt-BR"":""Fertilizantes e Produtos Qu\u00edmicos Agr\u00edcolas"",""es"":""Fertilizantes y productos qu\u00edmicos agr\u00edcolas"",""fr"":""Engrais et produits chimiques agricoles""}","{""en"":true,""pt-PT"":true,""pt-BR"":true,""es"":true,""fr"":true}","2022-05-23T04:51:22.000Z","2022-05-23T04:51:22.000Z",,
13,,,9,"{""en"":""Industrial Gases"",""pt-PT"":""Gases Industriais"",""pt-BR"":""Gases Industriais"",""es"":""Gases industriales"",""fr"":""Gaz industriels""}","{""en"":true,""pt-PT"":true,""pt-BR"":true,""es"":true,""fr"":true}","2022-05-23T04:51:22.000Z","2022-05-23T04:51:22.000Z",,
14,,,9,"{""en"":""Specialty Chemicals"",""pt-PT"":""Produtos Qu\u00edmicos Especiais"",""pt-BR"":""Produtos Qu\u00edmicos Especiais"",""es"":""Productos qu\u00edmicos especiales"",""fr"":""Produits chimiques de sp\u00e9cialit\u00e9""}","{""en"":true,""pt-PT"":true,""pt-BR"":true,""es"":true,""fr"":true}","2022-05-23T04:51:22.000Z","2022-05-23T04:51:22.000Z",,
15,,,9,"{""en"":""Construction Materials"",""pt-PT"":""Materiais de Constru\u00e7\u00e3o"",""pt-BR"":""Materiais de Constru\u00e7\u00e3o"",""es"":""Materiales de construcci\u00f3n"",""fr"":""Mat\u00e9riaux de construction""}","{""en"":true,""pt-PT"":true,""pt-BR"":true,""es"":true,""fr"":true}","2022-05-23T04:51:22.000Z","2022-05-23T04:51:22.000Z",,
16,,,9,"{""en"":""Metal & Glass Containers"",""pt-PT"":""Recipientes Met\u00e1licos & de Vidro"",""pt-BR"":""Recipientes de Metal e Vidro"",""es"":""Envases de metal y vidrio"",""fr"":""Conteneurs en m\u00e9tal et en verre""}","{""en"":true,""pt-PT"":true,""pt-BR"":true,""es"":true,""fr"":true}","2022-05-23T04:51:22.000Z","2022-11-10T08:55:24.000Z",,
17,,,9,"{""en"":""Paper Packaging"",""pt-PT"":""Embalagem de papel"",""pt-BR"":""Embalagem de Papel"",""es"":""Envases de papel"",""fr"":""Emballage en papier""}","{""en"":true,""pt-PT"":true,""pt-BR"":true,""es"":true,""fr"":true}","2022-05-23T04:51:22.000Z","2022-11-10T08:55:24.000Z",,
18,,,9,"{""en"":""Aluminium"",""pt-PT"":""Alum\u00ednio"",""pt-BR"":""Alum\u00ednio"",""es"":""Aluminio"",""fr"":""Aluminium""}","{""en"":true,""pt-PT"":true,""pt-BR"":true,""es"":true,""fr"":true}","2022-05-23T04:51:22.000Z","2022-05-23T04:51:22.000Z",,
19,,,9,"{""en"":""Diversified Metals & Mining"",""pt-PT"":""Metais Diversificados & Minera\u00e7\u00e3o"",""pt-BR"":""Metais e Minera\u00e7\u00e3o Diversificados"",""es"":""Metales y miner\u00eda diversificados"",""fr"":""M\u00e9taux diversifi\u00e9s et mines""}","{""en"":true,""pt-PT"":true,""pt-BR"":true,""es"":true,""fr"":true}","2022-05-23T04:51:22.000Z","2022-11-10T08:55:24.000Z",,
20,,,9,"{""en"":""Copper"",""pt-PT"":""Cobre"",""pt-BR"":""Cobre"",""es"":""Cobre"",""fr"":""Cuivre""}","{""en"":true,""pt-PT"":true,""pt-BR"":true,""es"":true,""fr"":true}","2022-05-23T04:51:22.000Z","2022-05-23T04:51:22.000Z",,
21,,,9,"{""en"":""Gold"",""pt-PT"":""Ouro"",""pt-BR"":""Ouro"",""es"":""Oro"",""fr"":""Or""}","{""en"":true,""pt-PT"":true,""pt-BR"":true,""es"":true,""fr"":true}","2022-05-23T04:51:22.000Z","2022-05-23T04:51:22.000Z",,
22,,,9,"{""en"":""Precious Metals & Minerals"",""pt-PT"":""Metais Preciosos e Minerais"",""pt-BR"":""Metais Preciosos e Minerais"",""es"":""Metales preciosos y minerales"",""fr"":""M\u00e9taux pr\u00e9cieux et min\u00e9raux""}","{""en"":true,""pt-PT"":true,""pt-BR"":true,""es"":true,""fr"":true}","2022-05-23T04:51:22.000Z","2022-05-23T04:51:22.000Z",,
23,,,9,"{""en"":""Silver"",""pt-PT"":""Prata"",""pt-BR"":""Prata"",""es"":""Plata"",""fr"":""Argent""}","{""en"":true,""pt-PT"":true,""pt-BR"":true,""es"":true,""fr"":true}","2022-05-23T04:51:22.000Z","2022-05-23T04:51:22.000Z",,
24,,,9,"{""en"":""Steel"",""pt-PT"":""A\u00e7o"",""pt-BR"":""A\u00e7o"",""es"":""Acero"",""fr"":""Acier""}","{""en"":true,""pt-PT"":true,""pt-BR"":true,""es"":true,""fr"":true}","2022-05-23T04:51:22.000Z","2022-05-23T04:51:22.000Z",,
25,,,9,"{""en"":""Forest Products"",""pt-PT"":""Produtos Florestais"",""pt-BR"":""Produtos Florestais"",""es"":""Productos forestales"",""fr"":""Produits forestiers""}","{""en"":true,""pt-PT"":true,""pt-BR"":true,""es"":true,""fr"":true}","2022-05-23T04:51:22.000Z","2022-05-23T04:51:22.000Z",,
26,,,9,"{""en"":""Paper Products"",""pt-PT"":""Produtos de Papel"",""pt-BR"":""Produtos de Papel"",""es"":""Productos de papel"",""fr"":""Produits du papier""}","{""en"":true,""pt-PT"":true,""pt-BR"":true,""es"":true,""fr"":true}","2022-05-23T04:51:22.000Z","2022-05-23T04:51:22.000Z",,
27,,,,"{""en"":""Industrials"",""pt-PT"":""Industrial"",""pt-BR"":""Industrial"",""es"":""Industrial"",""fr"":""Produits industriels""}","{""en"":true,""pt-PT"":true,""pt-BR"":true,""es"":true,""fr"":true}","2022-05-23T04:51:22.000Z","2022-05-23T04:51:22.000Z",,
28,,,27,"{""en"":""Aerospace & Defense"",""pt-PT"":""Aeroespacial & Defesa"",""pt-BR"":""Aeroespacial e Defesa"",""es"":""Aeroespacial y Defensa"",""fr"":""A\u00e9rospatiale et d\u00e9fense""}","{""en"":true,""pt-PT"":true,""pt-BR"":true,""es"":true,""fr"":true}","2022-05-23T04:51:22.000Z","2022-11-10T08:55:24.000Z",,
29,,,27,"{""en"":""Building Products"",""pt-PT"":""Produtos de Constru\u00e7\u00e3o"",""pt-BR"":""Produtos de Constru\u00e7\u00e3o"",""es"":""Productos de construcci\u00f3n"",""fr"":""Produits de construction""}","{""en"":true,""pt-PT"":true,""pt-BR"":true,""es"":true,""fr"":true}","2022-05-23T04:51:22.000Z","2022-05-23T04:51:22.000Z",,
30,,,27,"{""en"":""Construction & Engineering"",""pt-PT"":""Constru\u00e7\u00e3o e Engenharia"",""pt-BR"":""Constru\u00e7\u00e3o e Engenharia"",""es"":""Construcci\u00f3n e ingenier\u00eda"",""fr"":""Construction et ing\u00e9nierie""}","{""en"":true,""pt-PT"":true,""pt-BR"":true,""es"":true,""fr"":true}","2022-05-23T04:51:22.000Z","2022-05-23T04:51:22.000Z",,
31,,,27,"{""en"":""Electrical Components & Equipment"",""pt-PT"":""Componentes el\u00e9ctricos e equipamento"",""pt-BR"":""Componentes e Equipamentos El\u00e9tricos"",""es"":""Componentes y equipos el\u00e9ctricos"",""fr"":""Composants et \u00e9quipements \u00e9lectriques""}","{""en"":true,""pt-PT"":true,""pt-BR"":true,""es"":true,""fr"":true}","2022-05-23T04:51:22.000Z","2022-11-10T08:55:24.000Z",,
32,,,27,"{""en"":""Heavy Electrical Equipment"",""pt-PT"":""Equipamento El\u00e9ctrico Pesado"",""pt-BR"":""Equipamentos El\u00e9tricos Pesados"",""es"":""Equipo el\u00e9ctrico pesado"",""fr"":""\u00c9quipement \u00e9lectrique lourd""}","{""en"":true,""pt-PT"":true,""pt-BR"":true,""es"":true,""fr"":true}","2022-05-23T04:51:22.000Z","2022-11-10T08:55:24.000Z",,
33,,,27,"{""en"":""Industrial Conglomerates"",""pt-PT"":""Conglomerados Industriais"",""pt-BR"":""Conglomerados Industriais"",""es"":""Conglomerados industriales"",""fr"":""Conglom\u00e9rats industriels""}","{""en"":true,""pt-PT"":true,""pt-BR"":true,""es"":true,""fr"":true}","2022-05-23T04:51:22.000Z","2022-05-23T04:51:22.000Z",,
34,,,27,"{""en"":""Construction Machinery & Heavy Trucks"",""pt-PT"":""M\u00e1quinas de Constru\u00e7\u00e3o e Cami\u00f5es Pesados"",""pt-BR"":""M\u00e1quinas de Constru\u00e7\u00e3o e Caminh\u00f5es Pesados"",""es"":""Maquinaria de construcci\u00f3n y camiones pesados"",""fr"":""Machines de construction et camions lourds""}","{""en"":true,""pt-PT"":true,""pt-BR"":true,""es"":true,""fr"":true}","2022-05-23T04:51:22.000Z","2022-11-10T08:55:24.000Z",,
35,,,27,"{""en"":""Agicultural & Farm Machinery"",""pt-PT"":""Maquinaria Agr\u00edcola "",""pt-BR"":""Maquinaria Agr\u00edcola"",""es"":""Maquinaria agr\u00edcola y de granja"",""fr"":""Machines agricoles et de ferme""}","{""en"":true,""pt-PT"":true,""pt-BR"":true,""es"":true,""fr"":true}","2022-05-23T04:51:22.000Z","2022-11-10T08:55:24.000Z",,
36,,,27,"{""en"":""Insdustrial Machinery"",""pt-PT"":""Maquinaria Industrial"",""pt-BR"":""Maquinaria Industrial"",""es"":""Maquinaria industrial"",""fr"":""Machines industrielles""}","{""en"":true,""pt-PT"":true,""pt-BR"":true,""es"":true,""fr"":true}","2022-05-23T04:51:22.000Z","2022-05-23T04:51:22.000Z",,
37,,,27,"{""en"":""Trading Companies & Distributors"",""pt-PT"":""Empresas de Trading e Distribuidores"",""pt-BR"":""Trading Company e Distribuidores"",""es"":""Empresas comerciales y distribuidores"",""fr"":""Soci\u00e9t\u00e9s commerciales et distributeurs""}","{""en"":true,""pt-PT"":true,""pt-BR"":true,""es"":true,""fr"":true}","2022-05-23T04:51:22.000Z","2022-11-10T08:55:24.000Z",,
38,,,27,"{""en"":""Commercial Printing"",""pt-PT"":""Impress\u00e3o Comercial"",""pt-BR"":""Impress\u00e3o Comercial"",""es"":""Impresi\u00f3n comercial"",""fr"":""Imprimerie commerciale""}","{""en"":true,""pt-PT"":true,""pt-BR"":true,""es"":true,""fr"":true}","2022-05-23T04:51:22.000Z","2022-05-23T04:51:22.000Z",,
39,,,27,"{""en"":""Environmental & Facilities Services "",""pt-PT"":""Servi\u00e7os Ambientais e de Instala\u00e7\u00f5es "",""pt-BR"":""Servi\u00e7os Ambientais e de Instala\u00e7\u00f5es"",""es"":""Servicios medioambientales y de instalaciones "",""fr"":""Services de l'environnement et des installations ""}","{""en"":true,""pt-PT"":true,""pt-BR"":true,""es"":true,""fr"":true}","2022-05-23T04:51:22.000Z","2022-11-10T08:55:24.000Z",,
40,,,27,"{""en"":""Office Services & Supplies"",""pt-PT"":""Servi\u00e7os e Suprimentos de Escrit\u00f3rio"",""pt-BR"":""Material de Escrit\u00f3rio e Servi\u00e7os"",""es"":""Servicios y suministros de oficina"",""fr"":""Services et fournitures de bureau""}","{""en"":true,""pt-PT"":true,""pt-BR"":true,""es"":true,""fr"":true}","2022-05-23T04:51:22.000Z","2022-11-10T08:55:24.000Z",,
41,,,27,"{""en"":""Diversified Support Services"",""pt-PT"":""Servi\u00e7os de Apoio Diversificados"",""pt-BR"":""Servi\u00e7os de Suporte Diversificados"",""es"":""Servicios de apoyo diversificados"",""fr"":""Services de soutien diversifi\u00e9s""}","{""en"":true,""pt-PT"":true,""pt-BR"":true,""es"":true,""fr"":true}","2022-05-23T04:51:22.000Z","2022-11-10T08:55:24.000Z",,
42,,,27,"{""en"":""Security & Alarm Services"",""pt-PT"":""Servi\u00e7os de Seguran\u00e7a e Alarme"",""pt-BR"":""Servi\u00e7os de Seguran\u00e7a e Alarme"",""es"":""Servicios de seguridad y alarma"",""fr"":""Services de s\u00e9curit\u00e9 et d'alarme""}","{""en"":true,""pt-PT"":true,""pt-BR"":true,""es"":true,""fr"":true}","2022-05-23T04:51:22.000Z","2022-05-23T04:51:22.000Z",,
43,,,27,"{""en"":""Human Resources & Employment Services"",""pt-PT"":""Recursos Humanos & Servi\u00e7os de Emprego"",""pt-BR"":""Recursos Humanos e Servi\u00e7os de Emprego"",""es"":""Recursos Humanos y Servicios de Empleo"",""fr"":""Ressources humaines et services d'emploi""}","{""en"":true,""pt-PT"":true,""pt-BR"":true,""es"":true,""fr"":true}","2022-05-23T04:51:22.000Z","2022-11-10T08:55:24.000Z",,
44,,,27,"{""en"":""Research & Consulting Services"",""pt-PT"":""Servi\u00e7os de Pesquisa e Consultoria"",""pt-BR"":""Servi\u00e7os de Pesquisa e Consultoria"",""es"":""Servicios de Investigaci\u00f3n y Consultor\u00eda"",""fr"":""Services de recherche et de conseil""}","{""en"":true,""pt-PT"":true,""pt-BR"":true,""es"":true,""fr"":true}","2022-05-23T04:51:22.000Z","2022-05-23T04:51:22.000Z",,
45,,,27,"{""en"":""Air Freight & Logistics"",""pt-PT"":""Transporte A\u00e9reo de Mercadorias e Log\u00edstica"",""pt-BR"":""Transporte A\u00e9reo de Mercadorias e Log\u00edstica"",""es"":""Transporte a\u00e9reo y log\u00edstica"",""fr"":""Fret a\u00e9rien et logistique""}","{""en"":true,""pt-PT"":true,""pt-BR"":true,""es"":true,""fr"":true}","2022-05-23T04:51:22.000Z","2022-05-23T04:51:22.000Z",,
46,,,27,"{""en"":""Airlines"",""pt-PT"":""Linhas A\u00e9reas"",""pt-BR"":""Companhias A\u00e9reas"",""es"":""Aerol\u00edneas"",""fr"":""Compagnies a\u00e9riennes""}","{""en"":true,""pt-PT"":true,""pt-BR"":true,""es"":true,""fr"":true}","2022-05-23T04:51:22.000Z","2022-11-10T08:55:24.000Z",,
47,,,27,"{""en"":""Marine"",""pt-PT"":""Marinha"",""pt-BR"":""Marinha"",""es"":""Mar\u00edtimo"",""fr"":""Marine""}","{""en"":true,""pt-PT"":true,""pt-BR"":true,""es"":true,""fr"":true}","2022-05-23T04:51:22.000Z","2022-05-23T04:51:22.000Z",,
48,,,27,"{""en"":""Railroads"",""pt-PT"":""Caminhos de ferro"",""pt-BR"":""Ferrovias"",""es"":""Ferrocarriles"",""fr"":""Chemins de fer""}","{""en"":true,""pt-PT"":true,""pt-BR"":true,""es"":true,""fr"":true}","2022-05-23T04:51:22.000Z","2022-11-10T08:55:24.000Z",,
49,,,27,"{""en"":""Trucking"",""pt-PT"":""Camionagem"",""pt-BR"":""Transporte por Caminh\u00e3o"",""es"":""Camiones"",""fr"":""Camionnage""}","{""en"":true,""pt-PT"":true,""pt-BR"":true,""es"":true,""fr"":true}","2022-05-23T04:51:22.000Z","2022-11-10T08:55:24.000Z",,
50,,,27,"{""en"":""Airport Services"",""pt-PT"":""Servi\u00e7os Aeroportu\u00e1rios"",""pt-BR"":""Servi\u00e7os de Aeroporto"",""es"":""Servicios aeroportuarios"",""fr"":""Services a\u00e9roportuaires""}","{""en"":true,""pt-PT"":true,""pt-BR"":true,""es"":true,""fr"":true}","2022-05-23T04:51:22.000Z","2022-11-10T08:55:24.000Z",,
51,,,27,"{""en"":""Highway & Railtracks"",""pt-PT"":""Autoestradas e vias f\u00e9rreas"",""pt-BR"":""Rodovias e Ferrovias"",""es"":""Autopistas y v\u00edas f\u00e9rreas"",""fr"":""Autoroutes et chemins de fer""}","{""en"":true,""pt-PT"":true,""pt-BR"":true,""es"":true,""fr"":true}","2022-05-23T04:51:22.000Z","2022-11-10T08:55:24.000Z",,
52,,,27,"{""en"":""Marine Ports & Services"",""pt-PT"":""Portos & Servi\u00e7os Mar\u00edtimos"",""pt-BR"":""Portos e Servi\u00e7os Mar\u00edtimos"",""es"":""Puertos y servicios mar\u00edtimos"",""fr"":""Ports et services maritimes""}","{""en"":true,""pt-PT"":true,""pt-BR"":true,""es"":true,""fr"":true}","2022-05-23T04:51:22.000Z","2022-11-10T08:55:24.000Z",,
53,,,,"{""en"":""Consumer Discretionary"",""pt-PT"":""Bens de Consumo"",""pt-BR"":""Bens de Consumo"",""es"":""Consumo discrecional"",""fr"":""Consommation discr\u00e9tionnaire""}","{""en"":true,""pt-PT"":true,""pt-BR"":true,""es"":true,""fr"":true}","2022-05-23T04:51:22.000Z","2022-05-23T04:51:22.000Z",,
54,,,53,"{""en"":""Auto Parts & Equipment"",""pt-PT"":""Autope\u00e7as e Equipamento"",""pt-BR"":""Auto Pe\u00e7as e Equipamentos"",""es"":""Autopartes y Equipamiento"",""fr"":""Pi\u00e8ces et \u00e9quipements automobiles""}","{""en"":true,""pt-PT"":true,""pt-BR"":true,""es"":true,""fr"":true}","2022-05-23T04:51:22.000Z","2022-11-10T08:55:24.000Z",,
55,,,53,"{""en"":""Tires & Rubber"",""pt-PT"":""Pneus e Borracha"",""pt-BR"":""Pneus e Borracha"",""es"":""Neum\u00e1ticos y caucho"",""fr"":""Pneus et caoutchouc""}","{""en"":true,""pt-PT"":true,""pt-BR"":true,""es"":true,""fr"":true}","2022-05-23T04:51:22.000Z","2022-05-23T04:51:22.000Z",,
56,,,53,"{""en"":""Automobile Manufacturers"",""pt-PT"":""Fabricantes de Autom\u00f3veis"",""pt-BR"":""Fabricantes de Autom\u00f3veis"",""es"":""Fabricantes de autom\u00f3viles"",""fr"":""Fabricants d'automobiles""}","{""en"":true,""pt-PT"":true,""pt-BR"":true,""es"":true,""fr"":true}","2022-05-23T04:51:22.000Z","2022-05-23T04:51:22.000Z",,
57,,,53,"{""en"":""Consumer Electronics"",""pt-PT"":""Produtos Electr\u00f3nicos"",""pt-BR"":""Produtos Eletr\u00f4nicos"",""es"":""Electr\u00f3nica de consumo"",""fr"":""Electronique grand public""}","{""en"":true,""pt-PT"":true,""pt-BR"":true,""es"":true,""fr"":true}","2022-05-23T04:51:22.000Z","2022-11-10T08:55:24.000Z",,
58,,,53,"{""en"":""Home Furnishings"",""pt-PT"":""Mobili\u00e1rio dom\u00e9stico"",""pt-BR"":""Mob\u00edlia Dom\u00e9stica"",""es"":""Muebles para el hogar"",""fr"":""Meubles de maison""}","{""en"":true,""pt-PT"":true,""pt-BR"":true,""es"":true,""fr"":true}","2022-05-23T04:51:22.000Z","2022-11-10T08:55:24.000Z",,
59,,,53,"{""en"":""Homebuilding"",""pt-PT"":""Constru\u00e7\u00e3o de Habita\u00e7\u00e3o"",""pt-BR"":""Constru\u00e7\u00e3o de Habita\u00e7\u00e3o"",""es"":""Construcci\u00f3n de hogares"",""fr"":""Construction de maisons""}","{""en"":true,""pt-PT"":true,""pt-BR"":true,""es"":true,""fr"":true}","2022-05-23T04:51:22.000Z","2022-05-23T04:51:22.000Z",,
60,,,53,"{""en"":""Household Appliances"",""pt-PT"":""Electrodom\u00e9sticos"",""pt-BR"":""Eletrodom\u00e9sticos"",""es"":""Electrodom\u00e9sticos"",""fr"":""Appareils m\u00e9nagers""}","{""en"":true,""pt-PT"":true,""pt-BR"":true,""es"":true,""fr"":true}","2022-05-23T04:51:22.000Z","2022-11-10T08:55:24.000Z",,
61,,,53,"{""en"":""Housewares & Specialities"",""pt-PT"":""Artigos para a casa & Especialidades"",""pt-BR"":""Utens\u00edlios Dom\u00e9sticos e Especialidades"",""es"":""Art\u00edculos para el hogar y especialidades"",""fr"":""Articles m\u00e9nagers et sp\u00e9cialit\u00e9s""}","{""en"":true,""pt-PT"":true,""pt-BR"":true,""es"":true,""fr"":true}","2022-05-23T04:51:22.000Z","2022-11-10T08:55:24.000Z",,
62,,,53,"{""en"":""Leisure Products"",""pt-PT"":""Produtos de Lazer"",""pt-BR"":""Produtos de Lazer"",""es"":""Productos de ocio"",""fr"":""Produits de loisirs""}","{""en"":true,""pt-PT"":true,""pt-BR"":true,""es"":true,""fr"":true}","2022-05-23T04:51:22.000Z","2022-05-23T04:51:22.000Z",,
63,,,53,"{""en"":""Apparel, Accessories & Luxury Goods"",""pt-PT"":""Vestu\u00e1rio, Acess\u00f3rios e Bens de Luxo"",""pt-BR"":""Vestu\u00e1rio, Acess\u00f3rios e Artigos de Luxo"",""es"":""Ropa, accesorios y art\u00edculos de lujo"",""fr"":""V\u00eatements, accessoires et produits de luxe""}","{""en"":true,""pt-PT"":true,""pt-BR"":true,""es"":true,""fr"":true}","2022-05-23T04:51:22.000Z","2022-11-10T08:55:24.000Z",,
64,,,53,"{""en"":""Footwear"",""pt-PT"":""Cal\u00e7ado"",""pt-BR"":""Cal\u00e7ado"",""es"":""Calzado"",""fr"":""Chaussures""}","{""en"":true,""pt-PT"":true,""pt-BR"":true,""es"":true,""fr"":true}","2022-05-23T04:51:22.000Z","2022-05-23T04:51:22.000Z",,
65,,,53,"{""en"":""Textiles"",""pt-PT"":""T\u00eaxteis"",""pt-BR"":""T\u00eaxteis"",""es"":""Textiles"",""fr"":""Textiles""}","{""en"":true,""pt-PT"":true,""pt-BR"":true,""es"":true,""fr"":true}","2022-05-23T04:51:22.000Z","2022-05-23T04:51:22.000Z",,
66,,,53,"{""en"":""Casinos & Gaming"",""pt-PT"":""Casinos e Jogos"",""pt-BR"":""Cassinos e Jogos"",""es"":""Casinos y juegos de azar"",""fr"":""Casinos et jeux""}","{""en"":true,""pt-PT"":true,""pt-BR"":true,""es"":true,""fr"":true}","2022-05-23T04:51:22.000Z","2022-11-10T08:55:24.000Z",,
67,,,53,"{""en"":""Hotels, Resorts & Cruise Lines"",""pt-PT"":""Hot\u00e9is, Resorts e Linhas de Cruzeiros"",""pt-BR"":""Hot\u00e9is, Resorts e Linhas de Cruzeiro"",""es"":""Hoteles, complejos tur\u00edsticos y l\u00edneas de cruceros"",""fr"":""H\u00f4tels, centres de vill\u00e9giature et compagnies de croisi\u00e8re""}","{""en"":true,""pt-PT"":true,""pt-BR"":true,""es"":true,""fr"":true}","2022-05-23T04:51:22.000Z","2022-11-10T08:55:24.000Z",,
68,,,53,"{""en"":""Leisure Facilities"",""pt-PT"":""Instala\u00e7\u00f5es de Lazer"",""pt-BR"":""Instala\u00e7\u00f5es de Lazer"",""es"":""Instalaciones de ocio"",""fr"":""Installations de loisirs""}","{""en"":true,""pt-PT"":true,""pt-BR"":true,""es"":true,""fr"":true}","2022-05-23T04:51:22.000Z","2022-05-23T04:51:22.000Z",,
69,,,53,"{""en"":""Restaurants"",""pt-PT"":""Restaurantes"",""pt-BR"":""Restaurantes"",""es"":""Restaurantes"",""fr"":""Restaurants""}","{""en"":true,""pt-PT"":true,""pt-BR"":true,""es"":true,""fr"":true}","2022-05-23T04:51:22.000Z","2022-05-23T04:51:22.000Z",,
70,,,53,"{""en"":""Education Services"",""pt-PT"":""Servi\u00e7os de Educa\u00e7\u00e3o"",""pt-BR"":""Servi\u00e7os de Educa\u00e7\u00e3o"",""es"":""Servicios educativos"",""fr"":""Services d'\u00e9ducation""}","{""en"":true,""pt-PT"":true,""pt-BR"":true,""es"":true,""fr"":true}","2022-05-23T04:51:22.000Z","2022-05-23T04:51:22.000Z",,
71,,,53,"{""en"":""Specialized Consumer Services"",""pt-PT"":""Servi\u00e7os Especializados ao Consumidor"",""pt-BR"":""Atendimento Especializado ao Consumidor"",""es"":""Servicios especializados al consumidor"",""fr"":""Services sp\u00e9cialis\u00e9s aux consommateurs""}","{""en"":true,""pt-PT"":true,""pt-BR"":true,""es"":true,""fr"":true}","2022-05-23T04:51:22.000Z","2022-11-10T08:55:24.000Z",,
72,,,53,"{""en"":""Distributors"",""pt-PT"":""Distribuidores"",""pt-BR"":""Distribuidores"",""es"":""Distribuidores"",""fr"":""Distributeurs""}","{""en"":true,""pt-PT"":true,""pt-BR"":true,""es"":true,""fr"":true}","2022-05-23T04:51:22.000Z","2022-05-23T04:51:22.000Z",,
73,,,53,"{""en"":""Internet & Direct Marketing Retail"",""pt-PT"":""Internet & Marketing Directo Retalho"",""pt-BR"":""Marketing Direto Na Internet e Varejo"",""es"":""Internet y marketing directo Comercio minorista"",""fr"":""Internet et marketing direct Commerce de d\u00e9tail""}","{""en"":true,""pt-PT"":true,""pt-BR"":true,""es"":true,""fr"":true}","2022-05-23T04:51:22.000Z","2022-11-10T08:55:24.000Z",,
74,,,53,"{""en"":""Department Stores"",""pt-PT"":""Lojas de grande superf\u00edcie"",""pt-BR"":""Grandes Lojas de Superf\u00edcie"",""es"":""Grandes almacenes"",""fr"":""Grands magasins""}","{""en"":true,""pt-PT"":true,""pt-BR"":true,""es"":true,""fr"":true}","2022-05-23T04:51:22.000Z","2022-11-10T08:55:24.000Z",,
75,,,53,"{""en"":""General Merchandise Stores"",""pt-PT"":""Lojas de Com\u00e9rcio Geral"",""pt-BR"":""Lojas de Com\u00e9rcio Geral"",""es"":""Almacenes de mercanc\u00eda general"",""fr"":""Magasins de marchandises g\u00e9n\u00e9rales""}","{""en"":true,""pt-PT"":true,""pt-BR"":true,""es"":true,""fr"":true}","2022-05-23T04:51:22.000Z","2022-05-23T04:51:22.000Z",,
76,,,53,"{""en"":""Apparel Retail"",""pt-PT"":""Retalho de Vestu\u00e1rio"",""pt-BR"":""Varejo de Roupas"",""es"":""Venta de ropa al por menor"",""fr"":""Vente au d\u00e9tail de v\u00eatements""}","{""en"":true,""pt-PT"":true,""pt-BR"":true,""es"":true,""fr"":true}","2022-05-23T04:51:22.000Z","2022-11-10T08:55:24.000Z",,
77,,,53,"{""en"":""Computer & Electronics Retail"",""pt-PT"":""Retalho de Computadores & Electr\u00f3nica"",""pt-BR"":""Varejo de Inform\u00e1tica e Eletr\u00f4nicos"",""es"":""Comercio al por menor de ordenadores y productos electr\u00f3nicos"",""fr"":""Magasins d'informatique et d'\u00e9lectronique""}","{""en"":true,""pt-PT"":true,""pt-BR"":true,""es"":true,""fr"":true}","2022-05-23T04:51:22.000Z","2022-11-10T08:55:24.000Z",,
78,,,53,"{""en"":""Home Improvement Retail"",""pt-PT"":""Retalho para Melhoria da Habita\u00e7\u00e3o"",""pt-BR"":""Varejo Para Melhoria de Habita\u00e7\u00e3o"",""es"":""Tiendas de mejoras para el hogar"",""fr"":""Magasins de bricolage""}","{""en"":true,""pt-PT"":true,""pt-BR"":true,""es"":true,""fr"":true}","2022-05-23T04:51:22.000Z","2022-11-10T08:55:24.000Z",,
79,,,53,"{""en"":""Specialty Stores"",""pt-PT"":""Lojas especializadas"",""pt-BR"":""Lojas Especializadas"",""es"":""Tiendas especializadas"",""fr"":""Magasins sp\u00e9cialis\u00e9s""}","{""en"":true,""pt-PT"":true,""pt-BR"":true,""es"":true,""fr"":true}","2022-05-23T04:51:22.000Z","2022-11-10T08:55:24.000Z",,
80,,,53,"{""en"":""Automative Retail"",""pt-PT"":""Retalho Autom\u00e1tico"",""pt-BR"":""Varejo Autom\u00e1tico"",""es"":""Comercio al por menor de productos de automoci\u00f3n"",""fr"":""Magasins d'automobiles""}","{""en"":true,""pt-PT"":true,""pt-BR"":true,""es"":true,""fr"":true}","2022-05-23T04:51:22.000Z","2022-11-10T08:55:24.000Z",,
81,,,53,"{""en"":""Homefurnishing Retail"",""pt-PT"":""Retalho de Mobili\u00e1rio Dom\u00e9stico"",""pt-BR"":""Varejo de M\u00f3veis Dom\u00e9sticos"",""es"":""Venta al por menor de muebles para el hogar"",""fr"":""Magasins d'ameublement""}","{""en"":true,""pt-PT"":true,""pt-BR"":true,""es"":true,""fr"":true}","2022-05-23T04:51:22.000Z","2022-11-10T08:55:24.000Z",,
82,,,,"{""en"":""Consumer Staples"",""pt-PT"":""Bens de 1\u00aa necessidade"",""pt-BR"":""Bens de 1\u00aa Necessidade"",""es"":""Art\u00edculos de primera necesidad"",""fr"":""Produits de consommation courante""}","{""en"":true,""pt-PT"":true,""pt-BR"":true,""es"":true,""fr"":true}","2022-05-23T04:51:22.000Z","2022-11-10T08:55:24.000Z",,
83,,,82,"{""en"":""Drug Retail"",""pt-PT"":""Ind\u00fastria de Retalho de Medicamentos"",""pt-BR"":""Ind\u00fastria de Varejo de Medicamentos"",""es"":""Venta al por menor de productos de droguer\u00eda"",""fr"":""Vente au d\u00e9tail de m\u00e9dicaments""}","{""en"":true,""pt-PT"":true,""pt-BR"":true,""es"":true,""fr"":true}","2022-05-23T04:51:22.000Z","2022-11-10T08:55:24.000Z",,
84,,,82,"{""en"":""Food Distributors"",""pt-PT"":""Distribuidores de Alimentos"",""pt-BR"":""Distribuidores de Alimentos"",""es"":""Distribuidores de alimentos"",""fr"":""Distributeurs de produits alimentaires""}","{""en"":true,""pt-PT"":true,""pt-BR"":true,""es"":true,""fr"":true}","2022-05-23T04:51:22.000Z","2022-05-23T04:51:22.000Z",,
85,,,82,"{""en"":""Food Retail"",""pt-PT"":""Ind\u00fastria de Retalho Alimentar"",""pt-BR"":""Ind\u00fastria de Varejo de Alimentos"",""es"":""Venta al por menor de alimentos"",""fr"":""Vente au d\u00e9tail de produits alimentaires""}","{""en"":true,""pt-PT"":true,""pt-BR"":true,""es"":true,""fr"":true}","2022-05-23T04:51:22.000Z","2022-11-10T08:55:24.000Z",,
86,,,82,"{""en"":""Hypermarkets & Super Centers"",""pt-PT"":""Hipermercados & Super Centros"",""pt-BR"":""Hipermercados e Supercentros"",""es"":""Hipermercados y Supercentros"",""fr"":""Hypermarch\u00e9s et super centres""}","{""en"":true,""pt-PT"":true,""pt-BR"":true,""es"":true,""fr"":true}","2022-05-23T04:51:22.000Z","2022-11-10T08:55:24.000Z",,
87,,,82,"{""en"":""Brewers"",""pt-PT"":""Cervejeiras"",""pt-BR"":""Cervejarias"",""es"":""Cerveceros"",""fr"":""Brasseurs""}","{""en"":true,""pt-PT"":true,""pt-BR"":true,""es"":true,""fr"":true}","2022-05-23T04:51:22.000Z","2022-11-10T08:55:24.000Z",,
88,,,82,"{""en"":""Distillers & Vintners"",""pt-PT"":""Destiladores & Vinicultores"",""pt-BR"":""Destiladores e Vinicultores"",""es"":""Destiler\u00edas y vinater\u00edas"",""fr"":""Distillateurs et viticulteurs""}","{""en"":true,""pt-PT"":true,""pt-BR"":true,""es"":true,""fr"":true}","2022-05-23T04:51:22.000Z","2022-11-10T08:55:24.000Z",,
89,,,82,"{""en"":""Soft Drinks"",""pt-PT"":""Refrigerantes"",""pt-BR"":""Refrigerantes"",""es"":""Refrescos"",""fr"":""Boissons gazeuses""}","{""en"":true,""pt-PT"":true,""pt-BR"":true,""es"":true,""fr"":true}","2022-05-23T04:51:22.000Z","2022-05-23T04:51:22.000Z",,
90,,,82,"{""en"":""Agricultural Products"",""pt-PT"":""Produtos Agr\u00edcolas"",""pt-BR"":""Produtos Agr\u00edcolas"",""es"":""Productos agr\u00edcolas"",""fr"":""Produits agricoles""}","{""en"":true,""pt-PT"":true,""pt-BR"":true,""es"":true,""fr"":true}","2022-05-23T04:51:22.000Z","2022-05-23T04:51:22.000Z",,
91,,,82,"{""en"":""Packaged Foods & Meats"",""pt-PT"":""Alimentos embalados e carnes"",""pt-BR"":""Alimentos e Carnes Embalados"",""es"":""Alimentos envasados y carnes"",""fr"":""Aliments emball\u00e9s et viandes""}","{""en"":true,""pt-PT"":true,""pt-BR"":true,""es"":true,""fr"":true}","2022-05-23T04:51:22.000Z","2022-11-10T08:55:24.000Z",,
92,,,82,"{""en"":""Tobacco"",""pt-PT"":""Tabaco"",""pt-BR"":""Tabaco"",""es"":""Tabaco"",""fr"":""Tabac""}","{""en"":true,""pt-PT"":true,""pt-BR"":true,""es"":true,""fr"":true}","2022-05-23T04:51:22.000Z","2022-05-23T04:51:22.000Z",,
93,,,82,"{""en"":""Household Products"",""pt-PT"":""Produtos para o lar"",""pt-BR"":""Produtos Para Casa"",""es"":""Productos para el hogar"",""fr"":""Produits m\u00e9nagers""}","{""en"":true,""pt-PT"":true,""pt-BR"":true,""es"":true,""fr"":true}","2022-05-23T04:51:22.000Z","2022-11-10T08:55:24.000Z",,
94,,,82,"{""en"":""Personal Products"",""pt-PT"":""Produtos Pessoais"",""pt-BR"":""Produtos Pessoais"",""es"":""Productos personales"",""fr"":""Produits personnels""}","{""en"":true,""pt-PT"":true,""pt-BR"":true,""es"":true,""fr"":true}","2022-05-23T04:51:22.000Z","2022-05-23T04:51:22.000Z",,
95,,,,"{""en"":""Health Care"",""pt-PT"":""Cuidados de Sa\u00fade"",""pt-BR"":""Assist\u00eancia M\u00e9dica"",""es"":""Cuidado de la salud"",""fr"":""Soins de sant\u00e9""}","{""en"":true,""pt-PT"":true,""pt-BR"":true,""es"":true,""fr"":true}","2022-05-23T04:51:22.000Z","2022-11-10T08:55:24.000Z",,
96,,,95,"{""en"":""Health Care Equipment"",""pt-PT"":""Equipamento de Cuidados de sa\u00fade"",""pt-BR"":""Equipamentos de Sa\u00fade"",""es"":""Equipamiento sanitario"",""fr"":""\u00c9quipement de soins de sant\u00e9""}","{""en"":true,""pt-PT"":true,""pt-BR"":true,""es"":true,""fr"":true}","2022-05-23T04:51:22.000Z","2022-11-10T08:55:24.000Z",,
97,,,95,"{""en"":""Health Care Supplies"",""pt-PT"":""Fornecimento de Cuidados de Sa\u00fade"",""pt-BR"":""Presta\u00e7\u00e3o de Cuidados de Sa\u00fade"",""es"":""Suministros para el cuidado de la salud"",""fr"":""Fournitures de soins de sant\u00e9""}","{""en"":true,""pt-PT"":true,""pt-BR"":true,""es"":true,""fr"":true}","2022-05-23T04:51:22.000Z","2022-11-10T08:55:24.000Z",,
98,,,95,"{""en"":""Health Care Distributors"",""pt-PT"":""Distribuidores de Cuidados de Sa\u00fade"",""pt-BR"":""Distribuidores de Sa\u00fade"",""es"":""Distribuidores de productos sanitarios"",""fr"":""Distributeurs de soins de sant\u00e9""}","{""en"":true,""pt-PT"":true,""pt-BR"":true,""es"":true,""fr"":true}","2022-05-23T04:51:22.000Z","2022-11-10T08:55:24.000Z",,
99,,,95,"{""en"":""Health Care Services"",""pt-PT"":""Servi\u00e7os de Sa\u00fade"",""pt-BR"":""Servi\u00e7os de Sa\u00fade"",""es"":""Servicios sanitarios"",""fr"":""Services de soins de sant\u00e9""}","{""en"":true,""pt-PT"":true,""pt-BR"":true,""es"":true,""fr"":true}","2022-05-23T04:51:22.000Z","2022-05-23T04:51:22.000Z",,
100,,,95,"{""en"":""Health Care Facilities"",""pt-PT"":""Instala\u00e7\u00f5es de cuidados de sa\u00fade"",""pt-BR"":""Estabelecimentos de Sa\u00fade"",""es"":""Centros de salud"",""fr"":""\u00c9tablissements de soins de sant\u00e9""}","{""en"":true,""pt-PT"":true,""pt-BR"":true,""es"":true,""fr"":true}","2022-05-23T04:51:22.000Z","2022-11-10T08:55:24.000Z",,
101,,,95,"{""en"":""Managed Health Care"",""pt-PT"":""Cuidados de Sa\u00fade Geridos"",""pt-BR"":""Cuidados de Sa\u00fade Gerenciados"",""es"":""Atenci\u00f3n sanitaria gestionada"",""fr"":""Soins de sant\u00e9 g\u00e9r\u00e9s""}","{""en"":true,""pt-PT"":true,""pt-BR"":true,""es"":true,""fr"":true}","2022-05-23T04:51:22.000Z","2022-11-10T08:55:24.000Z",,
102,,,95,"{""en"":""Health Care Technology"",""pt-PT"":""Tecnologia de cuidados de sa\u00fade"",""pt-BR"":""Tecnologia de Sa\u00fade"",""es"":""Tecnolog\u00eda sanitaria"",""fr"":""Technologie des soins de sant\u00e9""}","{""en"":true,""pt-PT"":true,""pt-BR"":true,""es"":true,""fr"":true}","2022-05-23T04:51:22.000Z","2022-11-10T08:55:24.000Z",,
103,,,95,"{""en"":""Biotechnology"",""pt-PT"":""Biotecnologia"",""pt-BR"":""Biotecnologia"",""es"":""Biotecnolog\u00eda"",""fr"":""Biotechnologie""}","{""en"":true,""pt-PT"":true,""pt-BR"":true,""es"":true,""fr"":true}","2022-05-23T04:51:22.000Z","2022-05-23T04:51:22.000Z",,
104,,,95,"{""en"":""Pharmaceuticals"",""pt-PT"":""Farmac\u00eautica"",""pt-BR"":""Farmac\u00eautico"",""es"":""Productos farmac\u00e9uticos"",""fr"":""Produits pharmaceutiques""}","{""en"":true,""pt-PT"":true,""pt-BR"":true,""es"":true,""fr"":true}","2022-05-23T04:51:22.000Z","2022-11-10T08:55:24.000Z",,
105,,,95,"{""en"":""Life Sciences Tools & Services"",""pt-PT"":""Ferramentas e Servi\u00e7os para as Ci\u00eancias da Vida"",""pt-BR"":""Ferramentas e Servi\u00e7os Para As Ci\u00eancias Da Vida"",""es"":""Herramientas y servicios para las ciencias de la vida"",""fr"":""Outils et services des sciences de la vie""}","{""en"":true,""pt-PT"":true,""pt-BR"":true,""es"":true,""fr"":true}","2022-05-23T04:51:22.000Z","2022-11-10T08:55:24.000Z",,
106,,,,"{""en"":""Financials"",""pt-PT"":""Finan\u00e7as"",""pt-BR"":""Finan\u00e7as"",""es"":""Finanzas"",""fr"":""Services financiers""}","{""en"":true,""pt-PT"":true,""pt-BR"":true,""es"":true,""fr"":true}","2022-05-23T04:51:22.000Z","2022-05-23T04:51:22.000Z",,
107,,,106,"{""en"":""Diversified Banks"",""pt-PT"":""Bancos Diversificados"",""pt-BR"":""Bancos Diversificados"",""es"":""Bancos diversificados"",""fr"":""Banques diversifi\u00e9es""}","{""en"":true,""pt-PT"":true,""pt-BR"":true,""es"":true,""fr"":true}","2022-05-23T04:51:22.000Z","2022-05-23T04:51:22.000Z",,
108,,,106,"{""en"":""Regional Banks"",""pt-PT"":""Bancos Regionais"",""pt-BR"":""Bancos Regionais"",""es"":""Bancos regionales"",""fr"":""Banques r\u00e9gionales""}","{""en"":true,""pt-PT"":true,""pt-BR"":true,""es"":true,""fr"":true}","2022-05-23T04:51:22.000Z","2022-05-23T04:51:22.000Z",,
109,,,106,"{""en"":""Thrifts & Mortgage Finance"",""pt-PT"":""Financiamento Hipotec\u00e1rio"",""pt-BR"":""Financiamento Hipotec\u00e1rio"",""es"":""Entidades de ahorro y financiaci\u00f3n hipotecaria"",""fr"":""Thrifts & Mortgage Finance""}","{""en"":true,""pt-PT"":true,""pt-BR"":true,""es"":true,""fr"":true}","2022-05-23T04:51:22.000Z","2022-05-23T04:51:22.000Z",,
110,,,106,"{""en"":""Other Diversified Financial Services"",""pt-PT"":""Outros Servi\u00e7os Financeiros Diversificados"",""pt-BR"":""Outros Servi\u00e7os Financeiros Diversificados"",""es"":""Otros servicios financieros diversificados"",""fr"":""Autres services financiers diversifi\u00e9s""}","{""en"":true,""pt-PT"":true,""pt-BR"":true,""es"":true,""fr"":true}","2022-05-23T04:51:22.000Z","2022-05-23T04:51:22.000Z",,
111,,,106,"{""en"":""Multi-Sector Holdings"",""pt-PT"":""Participa\u00e7\u00f5es Multi-Sectoriais"",""pt-BR"":""Participa\u00e7\u00f5es Multissetoriais"",""es"":""Participaciones multisectoriales"",""fr"":""Participations multisectorielles""}","{""en"":true,""pt-PT"":true,""pt-BR"":true,""es"":true,""fr"":true}","2022-05-23T04:51:22.000Z","2022-11-10T08:55:24.000Z",,
112,,,106,"{""en"":""Specialized Finance"",""pt-PT"":""Finan\u00e7as Especializadas"",""pt-BR"":""Finan\u00e7as Especializadas"",""es"":""Finanzas especializadas"",""fr"":""Finance sp\u00e9cialis\u00e9e""}","{""en"":true,""pt-PT"":true,""pt-BR"":true,""es"":true,""fr"":true}","2022-05-23T04:51:22.000Z","2022-05-23T04:51:22.000Z",,
113,,,106,"{""en"":""Consumer Finance"",""pt-PT"":""Financiamento ao Consumidor"",""pt-BR"":""Financiamento ao Consumidor"",""es"":""Financiaci\u00f3n al consumo"",""fr"":""Finance de consommation""}","{""en"":true,""pt-PT"":true,""pt-BR"":true,""es"":true,""fr"":true}","2022-05-23T04:51:22.000Z","2022-05-23T04:51:22.000Z",,
114,,,106,"{""en"":""Asset Management & Custody Banks"",""pt-PT"":""Gest\u00e3o de Activos e Bancos de Cust\u00f3dia"",""pt-BR"":""Bancos de Gest\u00e3o de Ativos e Cust\u00f3dia"",""es"":""Gesti\u00f3n de activos y bancos de custodia"",""fr"":""Gestion d'actifs et banques d\u00e9positaires""}","{""en"":true,""pt-PT"":true,""pt-BR"":true,""es"":true,""fr"":true}","2022-05-23T04:51:22.000Z","2022-11-10T08:55:24.000Z",,
115,,,106,"{""en"":""Investment Banking & Brokerage"",""pt-PT"":""Banca de Investimento e Corretagem"",""pt-BR"":""Banca de Investimento e Corretagem"",""es"":""Banca de inversi\u00f3n y corretaje"",""fr"":""Banque d'investissement et courtage""}","{""en"":true,""pt-PT"":true,""pt-BR"":true,""es"":true,""fr"":true}","2022-05-23T04:51:22.000Z","2022-05-23T04:51:22.000Z",,
116,,,106,"{""en"":""Diversified Capital Markets"",""pt-PT"":""Mercados de Capital Diversificados"",""pt-BR"":""Mercados de Capitais Diversificados"",""es"":""Mercados de capitales diversificados"",""fr"":""March\u00e9s de capitaux diversifi\u00e9s""}","{""en"":true,""pt-PT"":true,""pt-BR"":true,""es"":true,""fr"":true}","2022-05-23T04:51:22.000Z","2022-11-10T08:55:24.000Z",,
117,,,106,"{""en"":""Financial Exchanges & Data"",""pt-PT"":""Interc\u00e2mbios Financeiros & Dados"",""pt-BR"":""Trocas Financeiras e de Dados"",""es"":""Bolsas y datos financieros"",""fr"":""Bourses et donn\u00e9es financi\u00e8res""}","{""en"":true,""pt-PT"":true,""pt-BR"":true,""es"":true,""fr"":true}","2022-05-23T04:51:22.000Z","2022-11-10T08:55:24.000Z",,
118,,,106,"{""en"":""Mortgage REITs"",""pt-PT"":""REITs (Fundos de Investimento Imobili\u00e1rio) hipotec\u00e1rios"",""pt-BR"":""REITs Hipotec\u00e1rios (Fundos de Investimento Imobili\u00e1rio)"",""es"":""REITs* (Fondos de inversi\u00f3n inmobiliaria) hipotecarios"",""fr"":""FPI hypoth\u00e9caires""}","{""en"":true,""pt-PT"":true,""pt-BR"":true,""es"":true,""fr"":true}","2022-05-23T04:51:22.000Z","2022-11-10T08:55:24.000Z",,
119,,,106,"{""en"":""Insurance Brokers"",""pt-PT"":""Corretores de Seguros"",""pt-BR"":""Corretores de Seguros"",""es"":""Corredores de seguros"",""fr"":""Courtiers d'assurance""}","{""en"":true,""pt-PT"":true,""pt-BR"":true,""es"":true,""fr"":true}","2022-05-23T04:51:22.000Z","2022-05-23T04:51:22.000Z",,
120,,,106,"{""en"":""Life & Health Insurance"",""pt-PT"":""Seguro de Vida e Sa\u00fade"",""pt-BR"":""Seguro de Vida e Sa\u00fade"",""es"":""Seguros de vida y salud"",""fr"":""Assurance vie et sant\u00e9""}","{""en"":true,""pt-PT"":true,""pt-BR"":true,""es"":true,""fr"":true}","2022-05-23T04:51:22.000Z","2022-05-23T04:51:22.000Z",,
121,,,106,"{""en"":""Multi-line Insurance"",""pt-PT"":""Seguro multi-ramos | multi-linhas"",""pt-BR"":""Seguro Multi-Filiais | Multi-Linhas"",""es"":""Seguros Multil\u00ednea"",""fr"":""Assurance multirisque""}","{""en"":true,""pt-PT"":true,""pt-BR"":true,""es"":true,""fr"":true}","2022-05-23T04:51:22.000Z","2022-11-10T08:55:24.000Z",,
122,,,106,"{""en"":""Property & Casualty Insurance"",""pt-PT"":""Seguro de Propriedade e Seguro de acidentes"",""pt-BR"":""Seguro de Propriedade e Seguro de Acidentes"",""es"":""Seguros de propiedad y accidentes"",""fr"":""Assurance de biens et de responsabilit\u00e9""}","{""en"":true,""pt-PT"":true,""pt-BR"":true,""es"":true,""fr"":true}","2022-05-23T04:51:22.000Z","2022-11-10T08:55:24.000Z",,
123,,,106,"{""en"":""Reinsurance"",""pt-PT"":""Resseguro"",""pt-BR"":""Resseguro"",""es"":""Reaseguros"",""fr"":""R\u00e9assurance""}","{""en"":true,""pt-PT"":true,""pt-BR"":true,""es"":true,""fr"":true}","2022-05-23T04:51:22.000Z","2022-05-23T04:51:22.000Z",,
124,,,,"{""en"":""Information Technology"",""pt-PT"":""Tecnologias da Informa\u00e7\u00e3o"",""pt-BR"":""Tecnologias Da Informa\u00e7\u00e3o"",""es"":""Tecnolog\u00eda de la informaci\u00f3n"",""fr"":""Technologies de l'information""}","{""en"":true,""pt-PT"":true,""pt-BR"":true,""es"":true,""fr"":true}","2022-05-23T04:51:22.000Z","2022-11-10T08:55:24.000Z",,
125,,,124,"{""en"":""IT Consulting & Other Services"",""pt-PT"":""Consultoria em TI & Outros Servi\u00e7os"",""pt-BR"":""Consultoria de Ti e Outros Servi\u00e7os"",""es"":""Consultor\u00eda de TI y otros servicios"",""fr"":""Conseil en informatique et autres services""}","{""en"":true,""pt-PT"":true,""pt-BR"":true,""es"":true,""fr"":true}","2022-05-23T04:51:22.000Z","2022-11-10T08:55:24.000Z",,
126,,,124,"{""en"":""Data Processing & Outsourced Services"",""pt-PT"":""Processamento de Dados & Servi\u00e7os de Outsourcing"",""pt-BR"":""Servi\u00e7os de Processamento e Terceiriza\u00e7\u00e3o de Dados"",""es"":""Procesamiento de datos y servicios subcontratados"",""fr"":""Traitement des donn\u00e9es et services externalis\u00e9s""}","{""en"":true,""pt-PT"":true,""pt-BR"":true,""es"":true,""fr"":true}","2022-05-23T04:51:22.000Z","2022-11-10T08:55:24.000Z",,
127,,,124,"{""en"":""Internet Services & Infrastructure"",""pt-PT"":""Servi\u00e7os de Internet e Infraestruturas"",""pt-BR"":""Servi\u00e7os e Infraestruturas de Internet"",""es"":""Servicios e infraestructura de Internet"",""fr"":""Services et infrastructure Internet""}","{""en"":true,""pt-PT"":true,""pt-BR"":true,""es"":true,""fr"":true}","2022-05-23T04:51:22.000Z","2022-11-10T08:55:24.000Z",,
128,,,124,"{""en"":""Application Software"",""pt-PT"":""Software de Aplicativos"",""pt-BR"":""Software de Aplicativo"",""es"":""Software de aplicaci\u00f3n"",""fr"":""Logiciels d'application""}","{""en"":true,""pt-PT"":true,""pt-BR"":true,""es"":true,""fr"":true}","2022-05-23T04:51:22.000Z","2022-11-10T08:55:24.000Z",,
129,,,124,"{""en"":""System Software"",""pt-PT"":""Software de sistemas"",""pt-BR"":""Software de Sistemas"",""es"":""Software de sistemas"",""fr"":""Logiciels de syst\u00e8mes""}","{""en"":true,""pt-PT"":true,""pt-BR"":true,""es"":true,""fr"":true}","2022-05-23T04:51:22.000Z","2022-11-10T08:55:24.000Z",,
130,,,124,"{""en"":""Communications Equipment"",""pt-PT"":""Equipamento de Comunica\u00e7\u00f5es"",""pt-BR"":""Equipamentos de Comunica\u00e7\u00e3o"",""es"":""Equipo de comunicaciones"",""fr"":""\u00c9quipement de communication""}","{""en"":true,""pt-PT"":true,""pt-BR"":true,""es"":true,""fr"":true}","2022-05-23T04:51:22.000Z","2022-11-10T08:55:24.000Z",,
131,,,124,"{""en"":""Technology Hardware, Storage & Peripherals"",""pt-PT"":""Tecnologia Hardware, Armazenamento & Perif\u00e9ricos"",""pt-BR"":""Hardware de Tecnologia, Armazenamento e Perif\u00e9ricos"",""es"":""Hardware tecnol\u00f3gico, almacenamiento y perif\u00e9ricos"",""fr"":""Mat\u00e9riel technologique, stockage et p\u00e9riph\u00e9riques""}","{""en"":true,""pt-PT"":true,""pt-BR"":true,""es"":true,""fr"":true}","2022-05-23T04:51:22.000Z","2022-11-10T08:55:24.000Z",,
132,,,124,"{""en"":""Electronic Equipment & Instruments"",""pt-PT"":""Equipamento Electr\u00f3nico & Instrumentos"",""pt-BR"":""Equipamentos e Instrumentos Eletr\u00f4nicos"",""es"":""Equipos e instrumentos electr\u00f3nicos"",""fr"":""\u00c9quipement et instruments \u00e9lectroniques""}","{""en"":true,""pt-PT"":true,""pt-BR"":true,""es"":true,""fr"":true}","2022-05-23T04:51:22.000Z","2022-11-10T08:55:24.000Z",,
133,,,124,"{""en"":""Electronic Components"",""pt-PT"":""Componentes electr\u00f3nicos"",""pt-BR"":""Componentes Eletr\u00f4nicos"",""es"":""Componentes electr\u00f3nicos"",""fr"":""Composants \u00e9lectroniques""}","{""en"":true,""pt-PT"":true,""pt-BR"":true,""es"":true,""fr"":true}","2022-05-23T04:51:22.000Z","2022-11-10T08:55:24.000Z",,
134,,,124,"{""en"":""Electronic Manufacturing Services"",""pt-PT"":""Servi\u00e7os de Produ\u00e7\u00e3o Electr\u00f3nica"",""pt-BR"":""Servi\u00e7os de Produ\u00e7\u00e3o Eletr\u00f4nica"",""es"":""Servicios de fabricaci\u00f3n electr\u00f3nica"",""fr"":""Services de fabrication \u00e9lectronique""}","{""en"":true,""pt-PT"":true,""pt-BR"":true,""es"":true,""fr"":true}","2022-05-23T04:51:22.000Z","2022-11-10T08:55:24.000Z",,
135,,,124,"{""en"":""Technology Distributors"",""pt-PT"":""Distribuidores de Tecnologia"",""pt-BR"":""Distribuidores de Tecnologia"",""es"":""Distribuidores de tecnolog\u00eda"",""fr"":""Distributeurs de technologie""}","{""en"":true,""pt-PT"":true,""pt-BR"":true,""es"":true,""fr"":true}","2022-05-23T04:51:22.000Z","2022-05-23T04:51:22.000Z",,
136,,,124,"{""en"":""Semiconductor Equipment"",""pt-PT"":""Equipamento Semicondutor"",""pt-BR"":""Equipamento Semicondutor"",""es"":""Equipos de semiconductores"",""fr"":""\u00c9quipement pour semi-conducteurs""}","{""en"":true,""pt-PT"":true,""pt-BR"":true,""es"":true,""fr"":true}","2022-05-23T04:51:22.000Z","2022-05-23T04:51:22.000Z",,
137,,,124,"{""en"":""Semiconductors "",""pt-PT"":""Semicondutores "",""pt-BR"":""Semicondutores"",""es"":""Semiconductores "",""fr"":""Semi-conducteurs ""}","{""en"":true,""pt-PT"":true,""pt-BR"":true,""es"":true,""fr"":true}","2022-05-23T04:51:22.000Z","2022-11-10T08:55:24.000Z",,
138,,,,"{""en"":""Communication Services"",""pt-PT"":""Servi\u00e7os de Comunica\u00e7\u00e3o"",""pt-BR"":""Servi\u00e7os de Comunica\u00e7\u00e3o"",""es"":""Servicios de comunicaci\u00f3n"",""fr"":""Services de communication""}","{""en"":true,""pt-PT"":true,""pt-BR"":true,""es"":true,""fr"":true}","2022-05-23T04:51:22.000Z","2022-05-23T04:51:22.000Z",,
139,,,138,"{""en"":""Alternative Carriers"",""pt-PT"":""Transportadoras Alternativas"",""pt-BR"":""Operadoras Alternativas"",""es"":""Operadores alternativos"",""fr"":""Transporteurs alternatifs""}","{""en"":true,""pt-PT"":true,""pt-BR"":true,""es"":true,""fr"":true}","2022-05-23T04:51:22.000Z","2022-11-10T08:55:24.000Z",,
140,,,138,"{""en"":""Integrated Telecommunication Services"",""pt-PT"":""Servi\u00e7os Integrados de Telecomunica\u00e7\u00f5es"",""pt-BR"":""Servi\u00e7os Integrados de Telecomunica\u00e7\u00f5es"",""es"":""Servicios integrados de telecomunicaciones"",""fr"":""Services de t\u00e9l\u00e9communication int\u00e9gr\u00e9s""}","{""en"":true,""pt-PT"":true,""pt-BR"":true,""es"":true,""fr"":true}","2022-05-23T04:51:22.000Z","2022-05-23T04:51:22.000Z",,
141,,,138,"{""en"":""Wireless Telecommunication Services"",""pt-PT"":""Servi\u00e7os de Telecomunica\u00e7\u00f5es sem fios"",""pt-BR"":""Servi\u00e7os de Telecomunica\u00e7\u00f5es Sem Fio"",""es"":""Servicios de telecomunicaciones inal\u00e1mbricas"",""fr"":""Services de t\u00e9l\u00e9communication sans fil""}","{""en"":true,""pt-PT"":true,""pt-BR"":true,""es"":true,""fr"":true}","2022-05-23T04:51:22.000Z","2022-11-10T08:55:24.000Z",,
142,,,138,"{""en"":""Advertising"",""pt-PT"":""Publicidade"",""pt-BR"":""Publicidade"",""es"":""Publicidad"",""fr"":""Publicit\u00e9""}","{""en"":true,""pt-PT"":true,""pt-BR"":true,""es"":true,""fr"":true}","2022-05-23T04:51:22.000Z","2022-05-23T04:51:22.000Z",,
143,,,138,"{""en"":""Broadcasting"",""pt-PT"":""Radiodifus\u00e3o"",""pt-BR"":""Transmiss\u00e3o"",""es"":""Radiodifusi\u00f3n"",""fr"":""Radiodiffusion""}","{""en"":true,""pt-PT"":true,""pt-BR"":true,""es"":true,""fr"":true}","2022-05-23T04:51:22.000Z","2022-11-10T08:55:25.000Z",,
144,,,138,"{""en"":""Cable & Satellite"",""pt-PT"":""Cabo & Sat\u00e9lite"",""pt-BR"":""Cabo e Sat\u00e9lite"",""es"":""Cable y sat\u00e9lite"",""fr"":""C\u00e2ble et satellite""}","{""en"":true,""pt-PT"":true,""pt-BR"":true,""es"":true,""fr"":true}","2022-05-23T04:51:22.000Z","2022-11-10T08:55:25.000Z",,
145,,,138,"{""en"":""Publishing"",""pt-PT"":""Editoras"",""pt-BR"":""Editores"",""es"":""Publicaci\u00f3n"",""fr"":""Edition""}","{""en"":true,""pt-PT"":true,""pt-BR"":true,""es"":true,""fr"":true}","2022-05-23T04:51:22.000Z","2022-11-10T08:55:25.000Z",,
146,,,138,"{""en"":""Movies & Entertainment"",""pt-PT"":""Filmes e Entretenimento"",""pt-BR"":""Filmes e Entretenimento"",""es"":""Pel\u00edculas y entretenimiento"",""fr"":""Cin\u00e9ma et divertissement""}","{""en"":true,""pt-PT"":true,""pt-BR"":true,""es"":true,""fr"":true}","2022-05-23T04:51:22.000Z","2022-05-23T04:51:22.000Z",,
147,,,138,"{""en"":""Interactive Home Entertainment"",""pt-PT"":""Entretenimento Interactivo em Casa"",""pt-BR"":""Entretenimento Interativo Em Casa"",""es"":""Entretenimiento dom\u00e9stico interactivo"",""fr"":""Divertissement interactif \u00e0 domicile""}","{""en"":true,""pt-PT"":true,""pt-BR"":true,""es"":true,""fr"":true}","2022-05-23T04:51:22.000Z","2022-11-10T08:55:25.000Z",,
148,,,138,"{""en"":""Interactive Media & Services"",""pt-PT"":""Meios e servi\u00e7os interactivos"",""pt-BR"":""M\u00eddia Interativa e Servi\u00e7os"",""es"":""Medios y servicios interactivos"",""fr"":""M\u00e9dias et services interactifs""}","{""en"":true,""pt-PT"":true,""pt-BR"":true,""es"":true,""fr"":true}","2022-05-23T04:51:22.000Z","2022-11-10T08:55:25.000Z",,
149,,,,"{""en"":""Utilities"",""pt-PT"":""Utilit\u00e1rios"",""pt-BR"":""Servi\u00e7os de Utilidade P\u00fablica"",""es"":""Servicios p\u00fablicos"",""fr"":""Services publics""}","{""en"":true,""pt-PT"":true,""pt-BR"":true,""es"":true,""fr"":true}","2022-05-23T04:51:22.000Z","2022-11-10T08:55:25.000Z",,
150,,,149,"{""en"":""Electric Utilities"",""pt-PT"":""Servi\u00e7os P\u00fablicos de Electricidade"",""pt-BR"":""Servi\u00e7os P\u00fablicos de Eletricidade"",""es"":""Servicios el\u00e9ctricos"",""fr"":""Services publics d'\u00e9lectricit\u00e9""}","{""en"":true,""pt-PT"":true,""pt-BR"":true,""es"":true,""fr"":true}","2022-05-23T04:51:22.000Z","2022-11-10T08:55:25.000Z",,
151,,,149,"{""en"":""Gas Utilities"",""pt-PT"":""Servi\u00e7os P\u00fablicos de G\u00e1s"",""pt-BR"":""Servi\u00e7os P\u00fablicos de G\u00e1s"",""es"":""Servicios de gas"",""fr"":""Services de gaz""}","{""en"":true,""pt-PT"":true,""pt-BR"":true,""es"":true,""fr"":true}","2022-05-23T04:51:22.000Z","2022-05-23T04:51:22.000Z",,
152,,,149,"{""en"":""Multi-Utilities"",""pt-PT"":""Multi-Servi\u00e7os P\u00fablicos"",""pt-BR"":""Servi\u00e7os Multip\u00fablicos"",""es"":""Servicios p\u00fablicos m\u00faltiples"",""fr"":""Services publics multiples""}","{""en"":true,""pt-PT"":true,""pt-BR"":true,""es"":true,""fr"":true}","2022-05-23T04:51:22.000Z","2022-11-10T08:55:25.000Z",,
153,,,149,"{""en"":""Water Utilities"",""pt-PT"":""Servi\u00e7os de \u00c1gua"",""pt-BR"":""Servi\u00e7os de \u00c1gua"",""es"":""Servicios de agua"",""fr"":""Services d'eau""}","{""en"":true,""pt-PT"":true,""pt-BR"":true,""es"":true,""fr"":true}","2022-05-23T04:51:22.000Z","2022-05-23T04:51:22.000Z",,
154,,,149,"{""en"":""Independent Power Producers & Energy Traders"",""pt-PT"":""Produtores Independentes de Energia & Comerciantes de Energia"",""pt-BR"":""Produtores de Energia Independentes e Comerciantes de Energia"",""es"":""Productores independientes de energ\u00eda y comerciantes de energ\u00eda"",""fr"":""Producteurs d'\u00e9lectricit\u00e9 ind\u00e9pendants et n\u00e9gociants en \u00e9nergie""}","{""en"":true,""pt-PT"":true,""pt-BR"":true,""es"":true,""fr"":true}","2022-05-23T04:51:22.000Z","2022-11-10T08:55:25.000Z",,
155,,,149,"{""en"":""Renewable Electricity"",""pt-PT"":""Electricidade Renov\u00e1vel"",""pt-BR"":""Eletricidade Renov\u00e1vel"",""es"":""Electricidad renovable"",""fr"":""\u00c9lectricit\u00e9 renouvelable""}","{""en"":true,""pt-PT"":true,""pt-BR"":true,""es"":true,""fr"":true}","2022-05-23T04:51:22.000Z","2022-11-10T08:55:25.000Z",,
156,,,,"{""en"":""Real Estate"",""pt-PT"":""Imobili\u00e1ria"",""pt-BR"":""Imobili\u00e1ria"",""es"":""Bienes inmuebles"",""fr"":""Immobilier""}","{""en"":true,""pt-PT"":true,""pt-BR"":true,""es"":true,""fr"":true}","2022-05-23T04:51:22.000Z","2022-05-23T04:51:22.000Z",,
157,,,156,"{""en"":""Diversified REITs"",""pt-PT"":""REITs* Diversificados"",""pt-BR"":""REITs Diversificado*"",""es"":""REITs* diversificados"",""fr"":""FPI diversifi\u00e9es""}","{""en"":true,""pt-PT"":true,""pt-BR"":true,""es"":true,""fr"":true}","2022-05-23T04:51:22.000Z","2022-11-10T08:55:25.000Z",,
158,,,156,"{""en"":""Industrial REITs"",""pt-PT"":""REITs* industriais"",""pt-BR"":""REITs Industriais*"",""es"":""REITs* industriales"",""fr"":""FPI industrielles""}","{""en"":true,""pt-PT"":true,""pt-BR"":true,""es"":true,""fr"":true}","2022-05-23T04:51:22.000Z","2022-11-10T08:55:25.000Z",,
159,,,156,"{""en"":""Hotel & Resort REITs"",""pt-PT"":""Hotel & Resort REITs"",""pt-BR"":""REITs de Hot\u00e9is e Resorts"",""es"":""REITs* de hoteles y complejos tur\u00edsticos"",""fr"":""FPI h\u00f4teli\u00e8res et de vill\u00e9giature""}","{""en"":true,""pt-PT"":true,""pt-BR"":true,""es"":true,""fr"":true}","2022-05-23T04:51:22.000Z","2022-11-10T08:55:25.000Z",,
160,,,156,"{""en"":""Office REITs"",""pt-PT"":""REITs* de escrit\u00f3rio"",""pt-BR"":""REITs de Escrit\u00f3rio*"",""es"":""REITs* de oficinas"",""fr"":""FPI de bureaux""}","{""en"":true,""pt-PT"":true,""pt-BR"":true,""es"":true,""fr"":true}","2022-05-23T04:51:22.000Z","2022-11-10T08:55:25.000Z",,
161,,,156,"{""en"":""Health Care REITs"",""pt-PT"":""REITs* de cuidados de sa\u00fade"",""pt-BR"":""REITs de Sa\u00fade*"",""es"":""REITs* de salud"",""fr"":""FPI de soins de sant\u00e9""}","{""en"":true,""pt-PT"":true,""pt-BR"":true,""es"":true,""fr"":true}","2022-05-23T04:51:22.000Z","2022-11-10T08:55:25.000Z",,
162,,,156,"{""en"":""Residential REITs"",""pt-PT"":""REITs*Residenciais"",""pt-BR"":""REITs Residencial*"",""es"":""REITs* residenciales"",""fr"":""FPI r\u00e9sidentielles""}","{""en"":true,""pt-PT"":true,""pt-BR"":true,""es"":true,""fr"":true}","2022-05-23T04:51:22.000Z","2022-11-10T08:55:25.000Z",,
163,,,156,"{""en"":""Retail REITs"",""pt-PT"":""REITs* de Retalho"",""pt-BR"":""REITs de Varejo*"",""es"":""REITs* minoristas"",""fr"":""FPI de d\u00e9tail""}","{""en"":true,""pt-PT"":true,""pt-BR"":true,""es"":true,""fr"":true}","2022-05-23T04:51:22.000Z","2022-11-10T08:55:25.000Z",,
164,,,156,"{""en"":""Specialized REITs"",""pt-PT"":""REITs* especializados"",""pt-BR"":""REITs Especializados*"",""es"":""REITs* especializados"",""fr"":""FPI sp\u00e9cialis\u00e9es""}","{""en"":true,""pt-PT"":true,""pt-BR"":true,""es"":true,""fr"":true}","2022-05-23T04:51:22.000Z","2022-11-10T08:55:25.000Z",,
165,,,156,"{""en"":""Diversified Real Estate Activities"",""pt-PT"":""Actividades imobili\u00e1rias diversificadas"",""pt-BR"":""Atividades Imobili\u00e1rias Diversificadas"",""es"":""Actividades inmobiliarias diversificadas"",""fr"":""Activit\u00e9s immobili\u00e8res diversifi\u00e9es""}","{""en"":true,""pt-PT"":true,""pt-BR"":true,""es"":true,""fr"":true}","2022-05-23T04:51:22.000Z","2022-11-10T08:55:25.000Z",,
166,,,156,"{""en"":""Real Estate Operating Companies"",""pt-PT"":""Empresas Operadoras Imobili\u00e1rias"",""pt-BR"":""Empresas Operadoras de Im\u00f3veis"",""es"":""Empresas de explotaci\u00f3n inmobiliaria"",""fr"":""Soci\u00e9t\u00e9s d'exploitation immobili\u00e8re""}","{""en"":true,""pt-PT"":true,""pt-BR"":true,""es"":true,""fr"":true}","2022-05-23T04:51:22.000Z","2022-11-10T08:55:25.000Z",,
167,,,156,"{""en"":""Real Estate Development"",""pt-PT"":""Desenvolvimento Imobili\u00e1rio"",""pt-BR"":""Desenvolvimento de Propriedade"",""es"":""Desarrollo inmobiliario"",""fr"":""D\u00e9veloppement immobilier""}","{""en"":true,""pt-PT"":true,""pt-BR"":true,""es"":true,""fr"":true}","2022-05-23T04:51:22.000Z","2022-11-10T08:55:25.000Z",,
168,"tdp","88bd07c3-05a9-4a30-b732-c865d7ccbce1",156,"{""en"":""Real Estate Services"",""pt-PT"":""Servi\u00e7os Imobili\u00e1rios"",""pt-BR"":""Servi\u00e7os Imobili\u00e1rios"",""es"":""Servicios inmobiliarios"",""fr"":""Services immobiliers""}","{""en"":true,""pt-PT"":true,""pt-BR"":true,""es"":true,""fr"":true}","2022-05-23T04:51:22.000Z","2022-05-23T04:51:22.000Z",,
169,"tdp","88bd07c3-05a9-4a30-b732-c865d7ccbce1",,"{""en"":""Anima\u00e7\u00e3o tur\u00edstica"",""pt-PT"":""Anima\u00e7\u00e3o tur\u00edstica"",""pt-BR"":""Anima\u00e7\u00e3o tur\u00edstica"",""es"":""Anima\u00e7\u00e3o tur\u00edstica"",""fr"":""Anima\u00e7\u00e3o tur\u00edstica""}","{""en"":false,""pt-PT"":true,""pt-BR"":false,""es"":false,""fr"":false}","2023-04-18T23:06:24.000Z","2023-04-18T23:06:24.000Z",,
170,"tdp","88bd07c3-05a9-4a30-b732-c865d7ccbce1",,"{""en"":""Alojamento"",""pt-PT"":""Alojamento"",""pt-BR"":""Alojamento"",""es"":""Alojamento"",""fr"":""Alojamento""}","{""en"":false,""pt-PT"":true,""pt-BR"":false,""es"":false,""fr"":false}","2023-04-18T23:06:24.000Z","2023-04-18T23:06:24.000Z",,
171,"tdp","88bd07c3-05a9-4a30-b732-c865d7ccbce1",,"{""en"":""Parques de campismo e autocaravanismo"",""pt-PT"":""Parques de campismo e autocaravanismo"",""pt-BR"":""Parques de campismo e autocaravanismo"",""es"":""Parques de campismo e autocaravanismo"",""fr"":""Parques de campismo e autocaravanismo""}","{""en"":false,""pt-PT"":true,""pt-BR"":false,""es"":false,""fr"":false}","2023-04-18T23:06:24.000Z","2023-04-18T23:06:24.000Z",,
172,"tdp","88bd07c3-05a9-4a30-b732-c865d7ccbce1",,"{""en"":""Restaura\u00e7\u00e3o"",""pt-PT"":""Restaura\u00e7\u00e3o"",""pt-BR"":""Restaura\u00e7\u00e3o"",""es"":""Restaura\u00e7\u00e3o"",""fr"":""Restaura\u00e7\u00e3o""}","{""en"":false,""pt-PT"":true,""pt-BR"":false,""es"":false,""fr"":false}","2023-04-18T23:06:24.000Z","2023-04-18T23:06:24.000Z",,
173,"tdp","88bd07c3-05a9-4a30-b732-c865d7ccbce1",,"{""en"":""Rent-a-car"",""pt-PT"":""Rent-a-car"",""pt-BR"":""Rent-a-car"",""es"":""Rent-a-car"",""fr"":""Rent-a-car""}","{""en"":false,""pt-PT"":true,""pt-BR"":false,""es"":false,""fr"":false}","2023-04-18T23:06:24.000Z","2023-04-18T23:06:24.000Z",,
174,"tdp","88bd07c3-05a9-4a30-b732-c865d7ccbce1",,"{""en"":""Ag\u00eancias de viagem"",""pt-PT"":""Ag\u00eancias de viagem"",""pt-BR"":""Ag\u00eancias de viagem"",""es"":""Ag\u00eancias de viagem"",""fr"":""Ag\u00eancias de viagem""}","{""en"":false,""pt-PT"":true,""pt-BR"":false,""es"":false,""fr"":false}","2023-04-18T23:06:24.000Z","2023-04-18T23:06:24.000Z",,
175,"tdp","88bd07c3-05a9-4a30-b732-c865d7ccbce1",,"{""en"":""Organiza\u00e7\u00e3o de feiras, congressos e outros eventos"",""pt-PT"":""Organiza\u00e7\u00e3o de feiras, congressos e outros eventos"",""pt-BR"":""Organiza\u00e7\u00e3o de feiras, congressos e outros eventos"",""es"":""Organiza\u00e7\u00e3o de feiras, congressos e outros eventos"",""fr"":""Organiza\u00e7\u00e3o de feiras, congressos e outros eventos""}","{""en"":false,""pt-PT"":true,""pt-BR"":false,""es"":false,""fr"":false}","2023-04-18T23:06:24.000Z","2023-04-18T23:06:24.000Z",,
176,"tdp","88bd07c3-05a9-4a30-b732-c865d7ccbce1",,"{""en"":""Termas"",""pt-PT"":""Termas"",""pt-BR"":""Termas"",""es"":""Termas"",""fr"":""Termas""}","{""en"":false,""pt-PT"":true,""pt-BR"":false,""es"":false,""fr"":false}","2023-04-18T23:06:24.000Z","2023-04-18T23:06:24.000Z",,
177,"tdp","88bd07c3-05a9-4a30-b732-c865d7ccbce1",169,"{""en"":""49392 Outros transportes terrestres de passageiros diversos, n. e. (com infraestrutura)"",""pt-PT"":""49392 Outros transportes terrestres de passageiros diversos, n. e. (com infraestrutura)"",""pt-BR"":""49392 Outros transportes terrestres de passageiros diversos, n. e. (com infraestrutura)"",""es"":""49392 Outros transportes terrestres de passageiros diversos, n. e. (com infraestrutura)"",""fr"":""49392 Outros transportes terrestres de passageiros diversos, n. e. (com infraestrutura)""}","{""en"":false,""pt-PT"":true,""pt-BR"":false,""es"":false,""fr"":false}","2023-04-18T23:06:24.000Z","2023-04-18T23:06:24.000Z",,
178,"tdp","88bd07c3-05a9-4a30-b732-c865d7ccbce1",170,"{""en"":""55111 Hot\u00e9is com restaurante"",""pt-PT"":""55111 Hot\u00e9is com restaurante"",""pt-BR"":""55111 Hot\u00e9is com restaurante"",""es"":""55111 Hot\u00e9is com restaurante"",""fr"":""55111 Hot\u00e9is com restaurante""}","{""en"":false,""pt-PT"":true,""pt-BR"":false,""es"":false,""fr"":false}","2023-04-18T23:06:24.000Z","2023-04-18T23:06:24.000Z",,
179,"tdp","88bd07c3-05a9-4a30-b732-c865d7ccbce1",170,"{""en"":""55112 Pens\u00f5es com restaurante"",""pt-PT"":""55112 Pens\u00f5es com restaurante"",""pt-BR"":""55112 Pens\u00f5es com restaurante"",""es"":""55112 Pens\u00f5es com restaurante"",""fr"":""55112 Pens\u00f5es com restaurante""}","{""en"":false,""pt-PT"":true,""pt-BR"":false,""es"":false,""fr"":false}","2023-04-18T23:06:24.000Z","2023-04-18T23:06:24.000Z",,
180,"tdp","88bd07c3-05a9-4a30-b732-c865d7ccbce1",170,"{""en"":""55113 Estalagens com restaurante"",""pt-PT"":""55113 Estalagens com restaurante"",""pt-BR"":""55113 Estalagens com restaurante"",""es"":""55113 Estalagens com restaurante"",""fr"":""55113 Estalagens com restaurante""}","{""en"":false,""pt-PT"":true,""pt-BR"":false,""es"":false,""fr"":false}","2023-04-18T23:06:24.000Z","2023-04-18T23:06:24.000Z",,
181,"tdp","88bd07c3-05a9-4a30-b732-c865d7ccbce1",170,"{""en"":""55114 Pousadas com restaurante"",""pt-PT"":""55114 Pousadas com restaurante"",""pt-BR"":""55114 Pousadas com restaurante"",""es"":""55114 Pousadas com restaurante"",""fr"":""55114 Pousadas com restaurante""}","{""en"":false,""pt-PT"":true,""pt-BR"":false,""es"":false,""fr"":false}","2023-04-18T23:06:24.000Z","2023-04-18T23:06:24.000Z",,
182,"tdp","88bd07c3-05a9-4a30-b732-c865d7ccbce1",170,"{""en"":""55115 Mot\u00e9is com restaurante"",""pt-PT"":""55115 Mot\u00e9is com restaurante"",""pt-BR"":""55115 Mot\u00e9is com restaurante"",""es"":""55115 Mot\u00e9is com restaurante"",""fr"":""55115 Mot\u00e9is com restaurante""}","{""en"":false,""pt-PT"":true,""pt-BR"":false,""es"":false,""fr"":false}","2023-04-18T23:06:24.000Z","2023-04-18T23:06:24.000Z",,
183,"tdp","88bd07c3-05a9-4a30-b732-c865d7ccbce1",170,"{""en"":""55116 Hot\u00e9is-Apartamentos com restaurante"",""pt-PT"":""55116 Hot\u00e9is-Apartamentos com restaurante"",""pt-BR"":""55116 Hot\u00e9is-Apartamentos com restaurante"",""es"":""55116 Hot\u00e9is-Apartamentos com restaurante"",""fr"":""55116 Hot\u00e9is-Apartamentos com restaurante""}","{""en"":false,""pt-PT"":true,""pt-BR"":false,""es"":false,""fr"":false}","2023-04-18T23:06:24.000Z","2023-04-18T23:06:24.000Z",,
184,"tdp","88bd07c3-05a9-4a30-b732-c865d7ccbce1",170,"{""en"":""55117 Aldeamentos tur\u00edsticos com restaurante"",""pt-PT"":""55117 Aldeamentos tur\u00edsticos com restaurante"",""pt-BR"":""55117 Aldeamentos tur\u00edsticos com restaurante"",""es"":""55117 Aldeamentos tur\u00edsticos com restaurante"",""fr"":""55117 Aldeamentos tur\u00edsticos com restaurante""}","{""en"":false,""pt-PT"":true,""pt-BR"":false,""es"":false,""fr"":false}","2023-04-18T23:06:24.000Z","2023-04-18T23:06:24.000Z",,
185,"tdp","88bd07c3-05a9-4a30-b732-c865d7ccbce1",170,"{""en"":""55118 Apartamentos tur\u00edsticos com restaurante"",""pt-PT"":""55118 Apartamentos tur\u00edsticos com restaurante"",""pt-BR"":""55118 Apartamentos tur\u00edsticos com restaurante"",""es"":""55118 Apartamentos tur\u00edsticos com restaurante"",""fr"":""55118 Apartamentos tur\u00edsticos com restaurante""}","{""en"":false,""pt-PT"":true,""pt-BR"":false,""es"":false,""fr"":false}","2023-04-18T23:06:24.000Z","2023-04-18T23:06:24.000Z",,
186,"tdp","88bd07c3-05a9-4a30-b732-c865d7ccbce1",170,"{""en"":""55119 Outros estabelecimentos hoteleiros com restaurante"",""pt-PT"":""55119 Outros estabelecimentos hoteleiros com restaurante"",""pt-BR"":""55119 Outros estabelecimentos hoteleiros com restaurante"",""es"":""55119 Outros estabelecimentos hoteleiros com restaurante"",""fr"":""55119 Outros estabelecimentos hoteleiros com restaurante""}","{""en"":false,""pt-PT"":true,""pt-BR"":false,""es"":false,""fr"":false}","2023-04-18T23:06:24.000Z","2023-04-18T23:06:24.000Z",,
187,"tdp","88bd07c3-05a9-4a30-b732-c865d7ccbce1",170,"{""en"":""55121 Hot\u00e9is sem restaurante"",""pt-PT"":""55121 Hot\u00e9is sem restaurante"",""pt-BR"":""55121 Hot\u00e9is sem restaurante"",""es"":""55121 Hot\u00e9is sem restaurante"",""fr"":""55121 Hot\u00e9is sem restaurante""}","{""en"":false,""pt-PT"":true,""pt-BR"":false,""es"":false,""fr"":false}","2023-04-18T23:06:24.000Z","2023-04-18T23:06:24.000Z",,
188,"tdp","88bd07c3-05a9-4a30-b732-c865d7ccbce1",170,"{""en"":""55122 Pens\u00f5es sem restaurante"",""pt-PT"":""55122 Pens\u00f5es sem restaurante"",""pt-BR"":""55122 Pens\u00f5es sem restaurante"",""es"":""55122 Pens\u00f5es sem restaurante"",""fr"":""55122 Pens\u00f5es sem restaurante""}","{""en"":false,""pt-PT"":true,""pt-BR"":false,""es"":false,""fr"":false}","2023-04-18T23:06:24.000Z","2023-04-18T23:06:24.000Z",,
189,"tdp","88bd07c3-05a9-4a30-b732-c865d7ccbce1",170,"{""en"":""55123 Apartamentos tur\u00edsticos sem restaurante"",""pt-PT"":""55123 Apartamentos tur\u00edsticos sem restaurante"",""pt-BR"":""55123 Apartamentos tur\u00edsticos sem restaurante"",""es"":""55123 Apartamentos tur\u00edsticos sem restaurante"",""fr"":""55123 Apartamentos tur\u00edsticos sem restaurante""}","{""en"":false,""pt-PT"":true,""pt-BR"":false,""es"":false,""fr"":false}","2023-04-18T23:06:24.000Z","2023-04-18T23:06:24.000Z",,
190,"tdp","88bd07c3-05a9-4a30-b732-c865d7ccbce1",170,"{""en"":""55124 Outros estabelecimentos hoteleiros sem restaurante"",""pt-PT"":""55124 Outros estabelecimentos hoteleiros sem restaurante"",""pt-BR"":""55124 Outros estabelecimentos hoteleiros sem restaurante"",""es"":""55124 Outros estabelecimentos hoteleiros sem restaurante"",""fr"":""55124 Outros estabelecimentos hoteleiros sem restaurante""}","{""en"":false,""pt-PT"":true,""pt-BR"":false,""es"":false,""fr"":false}","2023-04-18T23:06:24.000Z","2023-04-18T23:06:24.000Z",,
191,"tdp","88bd07c3-05a9-4a30-b732-c865d7ccbce1",170,"{""en"":""55201 Alojamento mobilado para turistas"",""pt-PT"":""55201 Alojamento mobilado para turistas"",""pt-BR"":""55201 Alojamento mobilado para turistas"",""es"":""55201 Alojamento mobilado para turistas"",""fr"":""55201 Alojamento mobilado para turistas""}","{""en"":false,""pt-PT"":true,""pt-BR"":false,""es"":false,""fr"":false}","2023-04-18T23:06:24.000Z","2023-04-18T23:06:24.000Z",,
192,"tdp","88bd07c3-05a9-4a30-b732-c865d7ccbce1",170,"{""en"":""55202 Turismo no espa\u00e7o rural"",""pt-PT"":""55202 Turismo no espa\u00e7o rural"",""pt-BR"":""55202 Turismo no espa\u00e7o rural"",""es"":""55202 Turismo no espa\u00e7o rural"",""fr"":""55202 Turismo no espa\u00e7o rural""}","{""en"":false,""pt-PT"":true,""pt-BR"":false,""es"":false,""fr"":false}","2023-04-18T23:06:24.000Z","2023-04-18T23:06:24.000Z",,
193,"tdp","88bd07c3-05a9-4a30-b732-c865d7ccbce1",170,"{""en"":""55204 Outros locais de alojamento de curta dura\u00e7\u00e3o"",""pt-PT"":""55204 Outros locais de alojamento de curta dura\u00e7\u00e3o"",""pt-BR"":""55204 Outros locais de alojamento de curta dura\u00e7\u00e3o"",""es"":""55204 Outros locais de alojamento de curta dura\u00e7\u00e3o"",""fr"":""55204 Outros locais de alojamento de curta dura\u00e7\u00e3o""}","{""en"":false,""pt-PT"":true,""pt-BR"":false,""es"":false,""fr"":false}","2023-04-18T23:06:24.000Z","2023-04-18T23:06:24.000Z",,
194,"tdp","88bd07c3-05a9-4a30-b732-c865d7ccbce1",171,"{""en"":""55300 Parques de campismo e de caravanismo"",""pt-PT"":""55300 Parques de campismo e de caravanismo"",""pt-BR"":""55300 Parques de campismo e de caravanismo"",""es"":""55300 Parques de campismo e de caravanismo"",""fr"":""55300 Parques de campismo e de caravanismo""}","{""en"":false,""pt-PT"":true,""pt-BR"":false,""es"":false,""fr"":false}","2023-04-18T23:06:24.000Z","2023-04-18T23:06:24.000Z",,
195,"tdp","88bd07c3-05a9-4a30-b732-c865d7ccbce1",170,"{""en"":""55900 Outros locais de alojamento"",""pt-PT"":""55900 Outros locais de alojamento"",""pt-BR"":""55900 Outros locais de alojamento"",""es"":""55900 Outros locais de alojamento"",""fr"":""55900 Outros locais de alojamento""}","{""en"":false,""pt-PT"":true,""pt-BR"":false,""es"":false,""fr"":false}","2023-04-18T23:06:24.000Z","2023-04-18T23:06:24.000Z",,
196,"tdp","88bd07c3-05a9-4a30-b732-c865d7ccbce1",172,"{""en"":""56101 Restaurantes tipo tradicional"",""pt-PT"":""56101 Restaurantes tipo tradicional"",""pt-BR"":""56101 Restaurantes tipo tradicional"",""es"":""56101 Restaurantes tipo tradicional"",""fr"":""56101 Restaurantes tipo tradicional""}","{""en"":false,""pt-PT"":true,""pt-BR"":false,""es"":false,""fr"":false}","2023-04-18T23:06:24.000Z","2023-04-18T23:06:24.000Z",,
197,"tdp","88bd07c3-05a9-4a30-b732-c865d7ccbce1",172,"{""en"":""56102  Restaurantes com lugares ao balc\u00e3o"",""pt-PT"":""56102  Restaurantes com lugares ao balc\u00e3o"",""pt-BR"":""56102  Restaurantes com lugares ao balc\u00e3o"",""es"":""56102  Restaurantes com lugares ao balc\u00e3o"",""fr"":""56102  Restaurantes com lugares ao balc\u00e3o""}","{""en"":false,""pt-PT"":true,""pt-BR"":false,""es"":false,""fr"":false}","2023-04-18T23:06:24.000Z","2023-04-18T23:06:24.000Z",,
198,"tdp","88bd07c3-05a9-4a30-b732-c865d7ccbce1",172,"{""en"":""56103 Restaurantes sem servi\u00e7o de mesa"",""pt-PT"":""56103 Restaurantes sem servi\u00e7o de mesa"",""pt-BR"":""56103 Restaurantes sem servi\u00e7o de mesa"",""es"":""56103 Restaurantes sem servi\u00e7o de mesa"",""fr"":""56103 Restaurantes sem servi\u00e7o de mesa""}","{""en"":false,""pt-PT"":true,""pt-BR"":false,""es"":false,""fr"":false}","2023-04-18T23:06:24.000Z","2023-04-18T23:06:24.000Z",,
199,"tdp","88bd07c3-05a9-4a30-b732-c865d7ccbce1",172,"{""en"":""56104 Restaurantes t\u00edpicos"",""pt-PT"":""56104 Restaurantes t\u00edpicos"",""pt-BR"":""56104 Restaurantes t\u00edpicos"",""es"":""56104 Restaurantes t\u00edpicos"",""fr"":""56104 Restaurantes t\u00edpicos""}","{""en"":false,""pt-PT"":true,""pt-BR"":false,""es"":false,""fr"":false}","2023-04-18T23:06:24.000Z","2023-04-18T23:06:24.000Z",,
200,"tdp","88bd07c3-05a9-4a30-b732-c865d7ccbce1",172,"{""en"":""56105 Restaurantes com espa\u00e7o de dan\u00e7a"",""pt-PT"":""56105 Restaurantes com espa\u00e7o de dan\u00e7a"",""pt-BR"":""56105 Restaurantes com espa\u00e7o de dan\u00e7a"",""es"":""56105 Restaurantes com espa\u00e7o de dan\u00e7a"",""fr"":""56105 Restaurantes com espa\u00e7o de dan\u00e7a""}","{""en"":false,""pt-PT"":true,""pt-BR"":false,""es"":false,""fr"":false}","2023-04-18T23:06:24.000Z","2023-04-18T23:06:24.000Z",,
201,"tdp","88bd07c3-05a9-4a30-b732-c865d7ccbce1",172,"{""en"":""56106 Confec\u00e7\u00e3o de refei\u00e7\u00f5es prontas a levar para casa"",""pt-PT"":""56106 Confec\u00e7\u00e3o de refei\u00e7\u00f5es prontas a levar para casa"",""pt-BR"":""56106 Confec\u00e7\u00e3o de refei\u00e7\u00f5es prontas a levar para casa"",""es"":""56106 Confec\u00e7\u00e3o de refei\u00e7\u00f5es prontas a levar para casa"",""fr"":""56106 Confec\u00e7\u00e3o de refei\u00e7\u00f5es prontas a levar para casa""}","{""en"":false,""pt-PT"":true,""pt-BR"":false,""es"":false,""fr"":false}","2023-04-18T23:06:24.000Z","2023-04-18T23:06:24.000Z",,
202,"tdp","88bd07c3-05a9-4a30-b732-c865d7ccbce1",172,"{""en"":""56301 Caf\u00e9s"",""pt-PT"":""56301 Caf\u00e9s"",""pt-BR"":""56301 Caf\u00e9s"",""es"":""56301 Caf\u00e9s"",""fr"":""56301 Caf\u00e9s""}","{""en"":false,""pt-PT"":true,""pt-BR"":false,""es"":false,""fr"":false}","2023-04-18T23:06:24.000Z","2023-04-18T23:06:24.000Z",,
203,"tdp","88bd07c3-05a9-4a30-b732-c865d7ccbce1",172,"{""en"":""56302 Bares"",""pt-PT"":""56302 Bares"",""pt-BR"":""56302 Bares"",""es"":""56302 Bares"",""fr"":""56302 Bares""}","{""en"":false,""pt-PT"":true,""pt-BR"":false,""es"":false,""fr"":false}","2023-04-18T23:06:24.000Z","2023-04-18T23:06:24.000Z",,
204,"tdp","88bd07c3-05a9-4a30-b732-c865d7ccbce1",172,"{""en"":""56303 Pastelarias e casas de ch\u00e1"",""pt-PT"":""56303 Pastelarias e casas de ch\u00e1"",""pt-BR"":""56303 Pastelarias e casas de ch\u00e1"",""es"":""56303 Pastelarias e casas de ch\u00e1"",""fr"":""56303 Pastelarias e casas de ch\u00e1""}","{""en"":false,""pt-PT"":true,""pt-BR"":false,""es"":false,""fr"":false}","2023-04-18T23:06:24.000Z","2023-04-18T23:06:24.000Z",,
205,"tdp","88bd07c3-05a9-4a30-b732-c865d7ccbce1",172,"{""en"":""56304 Outros estabelecimentos de bebidas sem espect\u00e1culo"",""pt-PT"":""56304 Outros estabelecimentos de bebidas sem espect\u00e1culo"",""pt-BR"":""56304 Outros estabelecimentos de bebidas sem espect\u00e1culo"",""es"":""56304 Outros estabelecimentos de bebidas sem espect\u00e1culo"",""fr"":""56304 Outros estabelecimentos de bebidas sem espect\u00e1culo""}","{""en"":false,""pt-PT"":true,""pt-BR"":false,""es"":false,""fr"":false}","2023-04-18T23:06:24.000Z","2023-04-18T23:06:24.000Z",,
206,"tdp","88bd07c3-05a9-4a30-b732-c865d7ccbce1",172,"{""en"":""56305 Estabelecimentos de bebidas com espa\u00e7o de dan\u00e7a"",""pt-PT"":""56305 Estabelecimentos de bebidas com espa\u00e7o de dan\u00e7a"",""pt-BR"":""56305 Estabelecimentos de bebidas com espa\u00e7o de dan\u00e7a"",""es"":""56305 Estabelecimentos de bebidas com espa\u00e7o de dan\u00e7a"",""fr"":""56305 Estabelecimentos de bebidas com espa\u00e7o de dan\u00e7a""}","{""en"":false,""pt-PT"":true,""pt-BR"":false,""es"":false,""fr"":false}","2023-04-18T23:06:24.000Z","2023-04-18T23:06:24.000Z",,
207,"tdp","88bd07c3-05a9-4a30-b732-c865d7ccbce1",173,"{""en"":""77110 Aluguer de ve\u00edculos autom\u00f3veis ligeiros (com infraestrutura)"",""pt-PT"":""77110 Aluguer de ve\u00edculos autom\u00f3veis ligeiros (com infraestrutura)"",""pt-BR"":""77110 Aluguer de ve\u00edculos autom\u00f3veis ligeiros (com infraestrutura)"",""es"":""77110 Aluguer de ve\u00edculos autom\u00f3veis ligeiros (com infraestrutura)"",""fr"":""77110 Aluguer de ve\u00edculos autom\u00f3veis ligeiros (com infraestrutura)""}","{""en"":false,""pt-PT"":true,""pt-BR"":false,""es"":false,""fr"":false}","2023-04-18T23:06:24.000Z","2023-04-18T23:06:24.000Z",,
208,"tdp","88bd07c3-05a9-4a30-b732-c865d7ccbce1",169,"{""en"":""77210 Aluguer de bens recreativos e desportivos (com infraestrutura)"",""pt-PT"":""77210 Aluguer de bens recreativos e desportivos (com infraestrutura)"",""pt-BR"":""77210 Aluguer de bens recreativos e desportivos (com infraestrutura)"",""es"":""77210 Aluguer de bens recreativos e desportivos (com infraestrutura)"",""fr"":""77210 Aluguer de bens recreativos e desportivos (com infraestrutura)""}","{""en"":false,""pt-PT"":true,""pt-BR"":false,""es"":false,""fr"":false}","2023-04-18T23:06:24.000Z","2023-04-18T23:06:24.000Z",,
209,"tdp","88bd07c3-05a9-4a30-b732-c865d7ccbce1",174,"{""en"":""79110 Actividades das ag\u00eancias de viagem"",""pt-PT"":""79110 Actividades das ag\u00eancias de viagem"",""pt-BR"":""79110 Actividades das ag\u00eancias de viagem"",""es"":""79110 Actividades das ag\u00eancias de viagem"",""fr"":""79110 Actividades das ag\u00eancias de viagem""}","{""en"":false,""pt-PT"":true,""pt-BR"":false,""es"":false,""fr"":false}","2023-04-18T23:06:24.000Z","2023-04-18T23:06:24.000Z",,
210,"tdp","88bd07c3-05a9-4a30-b732-c865d7ccbce1",174,"{""en"":""79120 Actividades dos operadores tur\u00edsticos"",""pt-PT"":""79120 Actividades dos operadores tur\u00edsticos"",""pt-BR"":""79120 Actividades dos operadores tur\u00edsticos"",""es"":""79120 Actividades dos operadores tur\u00edsticos"",""fr"":""79120 Actividades dos operadores tur\u00edsticos""}","{""en"":false,""pt-PT"":true,""pt-BR"":false,""es"":false,""fr"":false}","2023-04-18T23:06:24.000Z","2023-04-18T23:06:24.000Z",,
211,"tdp","88bd07c3-05a9-4a30-b732-c865d7ccbce1",174,"{""en"":""79900 Outros servi\u00e7os de reservas e actividades relacionadas"",""pt-PT"":""79900 Outros servi\u00e7os de reservas e actividades relacionadas"",""pt-BR"":""79900 Outros servi\u00e7os de reservas e actividades relacionadas"",""es"":""79900 Outros servi\u00e7os de reservas e actividades relacionadas"",""fr"":""79900 Outros servi\u00e7os de reservas e actividades relacionadas""}","{""en"":false,""pt-PT"":true,""pt-BR"":false,""es"":false,""fr"":false}","2023-04-18T23:06:24.000Z","2023-04-18T23:06:24.000Z",,
212,"tdp","88bd07c3-05a9-4a30-b732-c865d7ccbce1",175,"{""en"":""82300 Organiza\u00e7\u00e3o de feiras, congressos e outros eventos similares"",""pt-PT"":""82300 Organiza\u00e7\u00e3o de feiras, congressos e outros eventos similares"",""pt-BR"":""82300 Organiza\u00e7\u00e3o de feiras, congressos e outros eventos similares"",""es"":""82300 Organiza\u00e7\u00e3o de feiras, congressos e outros eventos similares"",""fr"":""82300 Organiza\u00e7\u00e3o de feiras, congressos e outros eventos similares""}","{""en"":false,""pt-PT"":true,""pt-BR"":false,""es"":false,""fr"":false}","2023-04-18T23:06:24.000Z","2023-04-18T23:06:24.000Z",,
213,"tdp","88bd07c3-05a9-4a30-b732-c865d7ccbce1",176,"{""en"":""86905 Actividades termais"",""pt-PT"":""86905 Actividades termais"",""pt-BR"":""86905 Actividades termais"",""es"":""86905 Actividades termais"",""fr"":""86905 Actividades termais""}","{""en"":false,""pt-PT"":true,""pt-BR"":false,""es"":false,""fr"":false}","2023-04-18T23:06:24.000Z","2023-04-18T23:06:24.000Z",,
214,"tdp","88bd07c3-05a9-4a30-b732-c865d7ccbce1",175,"{""en"":""90010 Actividades das artes do espect\u00e1culo"",""pt-PT"":""90010 Actividades das artes do espect\u00e1culo"",""pt-BR"":""90010 Actividades das artes do espect\u00e1culo"",""es"":""90010 Actividades das artes do espect\u00e1culo"",""fr"":""90010 Actividades das artes do espect\u00e1culo""}","{""en"":false,""pt-PT"":true,""pt-BR"":false,""es"":false,""fr"":false}","2023-04-18T23:06:24.000Z","2023-04-18T23:06:24.000Z",,
215,"tdp","88bd07c3-05a9-4a30-b732-c865d7ccbce1",175,"{""en"":""90040 Explora\u00e7\u00e3o de salas de espect\u00e1culos e actividades conexas"",""pt-PT"":""90040 Explora\u00e7\u00e3o de salas de espect\u00e1culos e actividades conexas"",""pt-BR"":""90040 Explora\u00e7\u00e3o de salas de espect\u00e1culos e actividades conexas"",""es"":""90040 Explora\u00e7\u00e3o de salas de espect\u00e1culos e actividades conexas"",""fr"":""90040 Explora\u00e7\u00e3o de salas de espect\u00e1culos e actividades conexas""}","{""en"":false,""pt-PT"":true,""pt-BR"":false,""es"":false,""fr"":false}","2023-04-18T23:06:24.000Z","2023-04-18T23:06:24.000Z",,
216,"tdp","88bd07c3-05a9-4a30-b732-c865d7ccbce1",169,"{""en"":""91020 Actividades dos museus (com infraestrutura)"",""pt-PT"":""91020 Actividades dos museus (com infraestrutura)"",""pt-BR"":""91020 Actividades dos museus (com infraestrutura)"",""es"":""91020 Actividades dos museus (com infraestrutura)"",""fr"":""91020 Actividades dos museus (com infraestrutura)""}","{""en"":false,""pt-PT"":true,""pt-BR"":false,""es"":false,""fr"":false}","2023-04-18T23:06:24.000Z","2023-04-18T23:06:24.000Z",,
217,"tdp","88bd07c3-05a9-4a30-b732-c865d7ccbce1",169,"{""en"":""91030 Actividades dos s\u00edtios e monumentos hist\u00f3ricos (com infraestrutura)"",""pt-PT"":""91030 Actividades dos s\u00edtios e monumentos hist\u00f3ricos (com infraestrutura)"",""pt-BR"":""91030 Actividades dos s\u00edtios e monumentos hist\u00f3ricos (com infraestrutura)"",""es"":""91030 Actividades dos s\u00edtios e monumentos hist\u00f3ricos (com infraestrutura)"",""fr"":""91030 Actividades dos s\u00edtios e monumentos hist\u00f3ricos (com infraestrutura)""}","{""en"":false,""pt-PT"":true,""pt-BR"":false,""es"":false,""fr"":false}","2023-04-18T23:06:24.000Z","2023-04-18T23:06:24.000Z",,
218,"tdp","88bd07c3-05a9-4a30-b732-c865d7ccbce1",169,"{""en"":""91041 Actividades dos jardins zool\u00f3gicos, bot\u00e2nicos e aqu\u00e1rios (com infraestrutura)"",""pt-PT"":""91041 Actividades dos jardins zool\u00f3gicos, bot\u00e2nicos e aqu\u00e1rios (com infraestrutura)"",""pt-BR"":""91041 Actividades dos jardins zool\u00f3gicos, bot\u00e2nicos e aqu\u00e1rios (com infraestrutura)"",""es"":""91041 Actividades dos jardins zool\u00f3gicos, bot\u00e2nicos e aqu\u00e1rios (com infraestrutura)"",""fr"":""91041 Actividades dos jardins zool\u00f3gicos, bot\u00e2nicos e aqu\u00e1rios (com infraestrutura)""}","{""en"":false,""pt-PT"":true,""pt-BR"":false,""es"":false,""fr"":false}","2023-04-18T23:06:24.000Z","2023-04-18T23:06:24.000Z",,
219,"tdp","88bd07c3-05a9-4a30-b732-c865d7ccbce1",169,"{""en"":""91042 Actividade dos parques e reservas naturais (com infraestrutura)"",""pt-PT"":""91042 Actividade dos parques e reservas naturais (com infraestrutura)"",""pt-BR"":""91042 Actividade dos parques e reservas naturais (com infraestrutura)"",""es"":""91042 Actividade dos parques e reservas naturais (com infraestrutura)"",""fr"":""91042 Actividade dos parques e reservas naturais (com infraestrutura)""}","{""en"":false,""pt-PT"":true,""pt-BR"":false,""es"":false,""fr"":false}","2023-04-18T23:06:24.000Z","2023-04-18T23:06:24.000Z",,
220,"tdp","88bd07c3-05a9-4a30-b732-c865d7ccbce1",169,"{""en"":""93110 Gest\u00e3o de instala\u00e7\u00f5es desportivas (com infraestrutura)"",""pt-PT"":""93110 Gest\u00e3o de instala\u00e7\u00f5es desportivas (com infraestrutura)"",""pt-BR"":""93110 Gest\u00e3o de instala\u00e7\u00f5es desportivas (com infraestrutura)"",""es"":""93110 Gest\u00e3o de instala\u00e7\u00f5es desportivas (com infraestrutura)"",""fr"":""93110 Gest\u00e3o de instala\u00e7\u00f5es desportivas (com infraestrutura)""}","{""en"":false,""pt-PT"":true,""pt-BR"":false,""es"":false,""fr"":false}","2023-04-18T23:06:24.000Z","2023-04-18T23:06:24.000Z",,
221,"tdp","88bd07c3-05a9-4a30-b732-c865d7ccbce1",169,"{""en"":""93192 Outras atividades desportivas, n. e. (com infraestrutura)"",""pt-PT"":""93192 Outras atividades desportivas, n. e. (com infraestrutura)"",""pt-BR"":""93192 Outras atividades desportivas, n. e. (com infraestrutura)"",""es"":""93192 Outras atividades desportivas, n. e. (com infraestrutura)"",""fr"":""93192 Outras atividades desportivas, n. e. (com infraestrutura)""}","{""en"":false,""pt-PT"":true,""pt-BR"":false,""es"":false,""fr"":false}","2023-04-18T23:06:24.000Z","2023-04-18T23:06:24.000Z",,
222,"tdp","88bd07c3-05a9-4a30-b732-c865d7ccbce1",169,"{""en"":""93210 Atividades de parques de divers\u00e3o e tem\u00e1ticos (com infraestrutura)"",""pt-PT"":""93210 Atividades de parques de divers\u00e3o e tem\u00e1ticos (com infraestrutura)"",""pt-BR"":""93210 Atividades de parques de divers\u00e3o e tem\u00e1ticos (com infraestrutura)"",""es"":""93210 Atividades de parques de divers\u00e3o e tem\u00e1ticos (com infraestrutura)"",""fr"":""93210 Atividades de parques de divers\u00e3o e tem\u00e1ticos (com infraestrutura)""}","{""en"":false,""pt-PT"":true,""pt-BR"":false,""es"":false,""fr"":false}","2023-04-18T23:06:25.000Z","2023-04-18T23:06:25.000Z",,
223,"tdp","88bd07c3-05a9-4a30-b732-c865d7ccbce1",169,"{""en"":""93211 Atividades de parques de divers\u00e3o itinerantes (com infraestrutura)"",""pt-PT"":""93211 Atividades de parques de divers\u00e3o itinerantes (com infraestrutura)"",""pt-BR"":""93211 Atividades de parques de divers\u00e3o itinerantes (com infraestrutura)"",""es"":""93211 Atividades de parques de divers\u00e3o itinerantes (com infraestrutura)"",""fr"":""93211 Atividades de parques de divers\u00e3o itinerantes (com infraestrutura)""}","{""en"":false,""pt-PT"":true,""pt-BR"":false,""es"":false,""fr"":false}","2023-04-18T23:06:25.000Z","2023-04-18T23:06:25.000Z",,
224,"tdp","88bd07c3-05a9-4a30-b732-c865d7ccbce1",169,"{""en"":""93292 Actividades dos portos de recreio (marinas) (com infraestrutura)"",""pt-PT"":""93292 Actividades dos portos de recreio (marinas) (com infraestrutura)"",""pt-BR"":""93292 Actividades dos portos de recreio (marinas) (com infraestrutura)"",""es"":""93292 Actividades dos portos de recreio (marinas) (com infraestrutura)"",""fr"":""93292 Actividades dos portos de recreio (marinas) (com infraestrutura)""}","{""en"":false,""pt-PT"":true,""pt-BR"":false,""es"":false,""fr"":false}","2023-04-18T23:06:25.000Z","2023-04-18T23:06:25.000Z",,
225,"tdp","88bd07c3-05a9-4a30-b732-c865d7ccbce1",169,"{""en"":""93293 Organiza\u00e7\u00e3o de actividades de anima\u00e7\u00e3o tur\u00edstica (com infraestrutura)"",""pt-PT"":""93293 Organiza\u00e7\u00e3o de actividades de anima\u00e7\u00e3o tur\u00edstica (com infraestrutura)"",""pt-BR"":""93293 Organiza\u00e7\u00e3o de actividades de anima\u00e7\u00e3o tur\u00edstica (com infraestrutura)"",""es"":""93293 Organiza\u00e7\u00e3o de actividades de anima\u00e7\u00e3o tur\u00edstica (com infraestrutura)"",""fr"":""93293 Organiza\u00e7\u00e3o de actividades de anima\u00e7\u00e3o tur\u00edstica (com infraestrutura)""}","{""en"":false,""pt-PT"":true,""pt-BR"":false,""es"":false,""fr"":false}","2023-04-18T23:06:25.000Z","2023-04-18T23:06:25.000Z",,
226,"tdp","88bd07c3-05a9-4a30-b732-c865d7ccbce1",169,"{""en"":""93294 Outras actividades de divers\u00e3o e recreativas, n.e (com infraestrutura)"",""pt-PT"":""93294 Outras actividades de divers\u00e3o e recreativas, n.e (com infraestrutura)"",""pt-BR"":""93294 Outras actividades de divers\u00e3o e recreativas, n.e (com infraestrutura)"",""es"":""93294 Outras actividades de divers\u00e3o e recreativas, n.e (com infraestrutura)"",""fr"":""93294 Outras actividades de divers\u00e3o e recreativas, n.e (com infraestrutura)""}","{""en"":false,""pt-PT"":true,""pt-BR"":false,""es"":false,""fr"":false}","2023-04-18T23:06:25.000Z","2023-04-18T23:06:25.000Z",,
227,"tdp","88bd07c3-05a9-4a30-b732-c865d7ccbce1",169,"{""en"":""93295 Outras atividades de divers\u00e3o itinerantes (com infraestrutura)"",""pt-PT"":""93295 Outras atividades de divers\u00e3o itinerantes (com infraestrutura)"",""pt-BR"":""93295 Outras atividades de divers\u00e3o itinerantes (com infraestrutura)"",""es"":""93295 Outras atividades de divers\u00e3o itinerantes (com infraestrutura)"",""fr"":""93295 Outras atividades de divers\u00e3o itinerantes (com infraestrutura)""}","{""en"":false,""pt-PT"":true,""pt-BR"":false,""es"":false,""fr"":false}","2023-04-18T23:06:25.000Z","2023-04-18T23:06:25.000Z",,
228,"tdp","88bd07c3-05a9-4a30-b732-c865d7ccbce1",176,"{""en"":""96040 Actividades de bem-estar f\u00edsico"",""pt-PT"":""96040 Actividades de bem-estar f\u00edsico"",""pt-BR"":""96040 Actividades de bem-estar f\u00edsico"",""es"":""96040 Actividades de bem-estar f\u00edsico"",""fr"":""96040 Actividades de bem-estar f\u00edsico""}","{""en"":false,""pt-PT"":true,""pt-BR"":false,""es"":false,""fr"":false}","2023-04-18T23:06:25.000Z","2023-04-18T23:06:25.000Z",,
229,"tdp","88bd07c3-05a9-4a30-b732-c865d7ccbce1",,"{""en"":""Outros"",""pt-PT"":""Outros"",""pt-BR"":""Outros"",""es"":""Outros"",""fr"":""Outros""}","{""en"":false,""pt-PT"":true,""pt-BR"":false,""es"":false,""fr"":false}","2023-04-18T23:06:25.000Z","2023-04-18T23:06:25.000Z",,
230,"tdp","88bd07c3-05a9-4a30-b732-c865d7ccbce1",229,"{""en"":""Sem CAE Tur\u00edstico"",""pt-PT"":""Sem CAE Tur\u00edstico"",""pt-BR"":""Sem CAE Tur\u00edstico"",""es"":""Sem CAE Tur\u00edstico"",""fr"":""Sem CAE Tur\u00edstico""}","{""en"":false,""pt-PT"":true,""pt-BR"":false,""es"":false,""fr"":false}","2023-04-18T23:06:25.000Z","2023-04-18T23:06:25.000Z",,
231,"tdp","88bd07c3-05a9-4a30-b732-c865d7ccbce1",169,"{""en"":""49392 Outros transportes terrestres de passageiros diversos, n. e. (sem infraestrutura)"",""pt-PT"":""49392 Outros transportes terrestres de passageiros diversos, n. e. (sem infraestrutura)"",""pt-BR"":""49392 Outros transportes terrestres de passageiros diversos, n. e. (sem infraestrutura)"",""es"":""49392 Outros transportes terrestres de passageiros diversos, n. e. (sem infraestrutura)"",""fr"":""49392 Outros transportes terrestres de passageiros diversos, n. e. (sem infraestrutura)""}","{""en"":false,""pt-PT"":true,""pt-BR"":false,""es"":false,""fr"":false}","2023-04-18T23:06:25.000Z","2023-04-18T23:06:25.000Z",,
232,"tdp","88bd07c3-05a9-4a30-b732-c865d7ccbce1",169,"{""en"":""77210 Aluguer de bens recreativos e desportivos (sem infraestrutura)"",""pt-PT"":""77210 Aluguer de bens recreativos e desportivos (sem infraestrutura)"",""pt-BR"":""77210 Aluguer de bens recreativos e desportivos (sem infraestrutura)"",""es"":""77210 Aluguer de bens recreativos e desportivos (sem infraestrutura)"",""fr"":""77210 Aluguer de bens recreativos e desportivos (sem infraestrutura)""}","{""en"":false,""pt-PT"":true,""pt-BR"":false,""es"":false,""fr"":false}","2023-04-18T23:06:25.000Z","2023-04-18T23:06:25.000Z",,
233,"tdp","88bd07c3-05a9-4a30-b732-c865d7ccbce1",169,"{""en"":""91020 Actividades dos museus (sem infraestrutura)"",""pt-PT"":""91020 Actividades dos museus (sem infraestrutura)"",""pt-BR"":""91020 Actividades dos museus (sem infraestrutura)"",""es"":""91020 Actividades dos museus (sem infraestrutura)"",""fr"":""91020 Actividades dos museus (sem infraestrutura)""}","{""en"":false,""pt-PT"":true,""pt-BR"":false,""es"":false,""fr"":false}","2023-04-18T23:06:25.000Z","2023-04-18T23:06:25.000Z",,
234,"tdp","88bd07c3-05a9-4a30-b732-c865d7ccbce1",169,"{""en"":""91030 Actividades dos s\u00edtios e monumentos hist\u00f3ricos (sem infraestrutura)"",""pt-PT"":""91030 Actividades dos s\u00edtios e monumentos hist\u00f3ricos (sem infraestrutura)"",""pt-BR"":""91030 Actividades dos s\u00edtios e monumentos hist\u00f3ricos (sem infraestrutura)"",""es"":""91030 Actividades dos s\u00edtios e monumentos hist\u00f3ricos (sem infraestrutura)"",""fr"":""91030 Actividades dos s\u00edtios e monumentos hist\u00f3ricos (sem infraestrutura)""}","{""en"":false,""pt-PT"":true,""pt-BR"":false,""es"":false,""fr"":false}","2023-04-18T23:06:25.000Z","2023-04-18T23:06:25.000Z",,
235,"tdp","88bd07c3-05a9-4a30-b732-c865d7ccbce1",169,"{""en"":""91041 Actividades dos jardins zool\u00f3gicos, bot\u00e2nicos e aqu\u00e1rios (sem infraestrutura)"",""pt-PT"":""91041 Actividades dos jardins zool\u00f3gicos, bot\u00e2nicos e aqu\u00e1rios (sem infraestrutura)"",""pt-BR"":""91041 Actividades dos jardins zool\u00f3gicos, bot\u00e2nicos e aqu\u00e1rios (sem infraestrutura)"",""es"":""91041 Actividades dos jardins zool\u00f3gicos, bot\u00e2nicos e aqu\u00e1rios (sem infraestrutura)"",""fr"":""91041 Actividades dos jardins zool\u00f3gicos, bot\u00e2nicos e aqu\u00e1rios (sem infraestrutura)""}","{""en"":false,""pt-PT"":true,""pt-BR"":false,""es"":false,""fr"":false}","2023-04-18T23:06:25.000Z","2023-04-18T23:06:25.000Z",,
236,"tdp","88bd07c3-05a9-4a30-b732-c865d7ccbce1",169,"{""en"":""91042 Actividade dos parques e reservas naturais (sem infraestrutura)"",""pt-PT"":""91042 Actividade dos parques e reservas naturais (sem infraestrutura)"",""pt-BR"":""91042 Actividade dos parques e reservas naturais (sem infraestrutura)"",""es"":""91042 Actividade dos parques e reservas naturais (sem infraestrutura)"",""fr"":""91042 Actividade dos parques e reservas naturais (sem infraestrutura)""}","{""en"":false,""pt-PT"":true,""pt-BR"":false,""es"":false,""fr"":false}","2023-04-18T23:06:25.000Z","2023-04-18T23:06:25.000Z",,
237,"tdp","88bd07c3-05a9-4a30-b732-c865d7ccbce1",169,"{""en"":""93110 Gest\u00e3o de instala\u00e7\u00f5es desportivas (sem infraestrutura)"",""pt-PT"":""93110 Gest\u00e3o de instala\u00e7\u00f5es desportivas (sem infraestrutura)"",""pt-BR"":""93110 Gest\u00e3o de instala\u00e7\u00f5es desportivas (sem infraestrutura)"",""es"":""93110 Gest\u00e3o de instala\u00e7\u00f5es desportivas (sem infraestrutura)"",""fr"":""93110 Gest\u00e3o de instala\u00e7\u00f5es desportivas (sem infraestrutura)""}","{""en"":false,""pt-PT"":true,""pt-BR"":false,""es"":false,""fr"":false}","2023-04-18T23:06:25.000Z","2023-04-18T23:06:25.000Z",,
238,"tdp","88bd07c3-05a9-4a30-b732-c865d7ccbce1",169,"{""en"":""93192 Outras atividades desportivas, n. e. (sem infraestrutura)"",""pt-PT"":""93192 Outras atividades desportivas, n. e. (sem infraestrutura)"",""pt-BR"":""93192 Outras atividades desportivas, n. e. (sem infraestrutura)"",""es"":""93192 Outras atividades desportivas, n. e. (sem infraestrutura)"",""fr"":""93192 Outras atividades desportivas, n. e. (sem infraestrutura)""}","{""en"":false,""pt-PT"":true,""pt-BR"":false,""es"":false,""fr"":false}","2023-04-18T23:06:25.000Z","2023-04-18T23:06:25.000Z",,
239,"tdp","88bd07c3-05a9-4a30-b732-c865d7ccbce1",169,"{""en"":""93210 Atividades de parques de divers\u00e3o e tem\u00e1ticos (sem infraestrutura)"",""pt-PT"":""93210 Atividades de parques de divers\u00e3o e tem\u00e1ticos (sem infraestrutura)"",""pt-BR"":""93210 Atividades de parques de divers\u00e3o e tem\u00e1ticos (sem infraestrutura)"",""es"":""93210 Atividades de parques de divers\u00e3o e tem\u00e1ticos (sem infraestrutura)"",""fr"":""93210 Atividades de parques de divers\u00e3o e tem\u00e1ticos (sem infraestrutura)""}","{""en"":false,""pt-PT"":true,""pt-BR"":false,""es"":false,""fr"":false}","2023-04-18T23:06:25.000Z","2023-04-18T23:06:25.000Z",,
240,"tdp","88bd07c3-05a9-4a30-b732-c865d7ccbce1",169,"{""en"":""93211 Atividades de parques de divers\u00e3o itinerantes (sem infraestrutura)"",""pt-PT"":""93211 Atividades de parques de divers\u00e3o itinerantes (sem infraestrutura)"",""pt-BR"":""93211 Atividades de parques de divers\u00e3o itinerantes (sem infraestrutura)"",""es"":""93211 Atividades de parques de divers\u00e3o itinerantes (sem infraestrutura)"",""fr"":""93211 Atividades de parques de divers\u00e3o itinerantes (sem infraestrutura)""}","{""en"":false,""pt-PT"":true,""pt-BR"":false,""es"":false,""fr"":false}","2023-04-18T23:06:25.000Z","2023-04-18T23:06:25.000Z",,
241,"tdp","88bd07c3-05a9-4a30-b732-c865d7ccbce1",169,"{""en"":""93292 Actividades dos portos de recreio (marinas) (sem infraestrutura)"",""pt-PT"":""93292 Actividades dos portos de recreio (marinas) (sem infraestrutura)"",""pt-BR"":""93292 Actividades dos portos de recreio (marinas) (sem infraestrutura)"",""es"":""93292 Actividades dos portos de recreio (marinas) (sem infraestrutura)"",""fr"":""93292 Actividades dos portos de recreio (marinas) (sem infraestrutura)""}","{""en"":false,""pt-PT"":true,""pt-BR"":false,""es"":false,""fr"":false}","2023-04-18T23:06:25.000Z","2023-04-18T23:06:25.000Z",,
242,"tdp","88bd07c3-05a9-4a30-b732-c865d7ccbce1",169,"{""en"":""93293 Organiza\u00e7\u00e3o de actividades de anima\u00e7\u00e3o tur\u00edstica (sem infraestrutura)"",""pt-PT"":""93293 Organiza\u00e7\u00e3o de actividades de anima\u00e7\u00e3o tur\u00edstica (sem infraestrutura)"",""pt-BR"":""93293 Organiza\u00e7\u00e3o de actividades de anima\u00e7\u00e3o tur\u00edstica (sem infraestrutura)"",""es"":""93293 Organiza\u00e7\u00e3o de actividades de anima\u00e7\u00e3o tur\u00edstica (sem infraestrutura)"",""fr"":""93293 Organiza\u00e7\u00e3o de actividades de anima\u00e7\u00e3o tur\u00edstica (sem infraestrutura)""}","{""en"":false,""pt-PT"":true,""pt-BR"":false,""es"":false,""fr"":false}","2023-04-18T23:06:25.000Z","2023-04-18T23:06:25.000Z",,
243,"tdp","88bd07c3-05a9-4a30-b732-c865d7ccbce1",169,"{""en"":""93294 Outras actividades de divers\u00e3o e recreativas, n.e (sem infraestrutura)"",""pt-PT"":""93294 Outras actividades de divers\u00e3o e recreativas, n.e (sem infraestrutura)"",""pt-BR"":""93294 Outras actividades de divers\u00e3o e recreativas, n.e (sem infraestrutura)"",""es"":""93294 Outras actividades de divers\u00e3o e recreativas, n.e (sem infraestrutura)"",""fr"":""93294 Outras actividades de divers\u00e3o e recreativas, n.e (sem infraestrutura)""}","{""en"":false,""pt-PT"":true,""pt-BR"":false,""es"":false,""fr"":false}","2023-04-18T23:06:25.000Z","2023-04-18T23:06:25.000Z",,
244,"tdp","88bd07c3-05a9-4a30-b732-c865d7ccbce1",169,"{""en"":""93295 Outras atividades de divers\u00e3o itinerantes (sem infraestrutura)"",""pt-PT"":""93295 Outras atividades de divers\u00e3o itinerantes (sem infraestrutura)"",""pt-BR"":""93295 Outras atividades de divers\u00e3o itinerantes (sem infraestrutura)"",""es"":""93295 Outras atividades de divers\u00e3o itinerantes (sem infraestrutura)"",""fr"":""93295 Outras atividades de divers\u00e3o itinerantes (sem infraestrutura)""}","{""en"":false,""pt-PT"":true,""pt-BR"":false,""es"":false,""fr"":false}","2023-04-18T23:06:25.000Z","2023-04-18T23:06:25.000Z",,
245,"tdp","88bd07c3-05a9-4a30-b732-c865d7ccbce1",173,"{""en"":""77110 Aluguer de ve\u00edculos autom\u00f3veis ligeiros (sem infraestrutura)"",""pt-PT"":""77110 Aluguer de ve\u00edculos autom\u00f3veis ligeiros (sem infraestrutura)"",""pt-BR"":""77110 Aluguer de ve\u00edculos autom\u00f3veis ligeiros (sem infraestrutura)"",""es"":""77110 Aluguer de ve\u00edculos autom\u00f3veis ligeiros (sem infraestrutura)"",""fr"":""77110 Aluguer de ve\u00edculos autom\u00f3veis ligeiros (sem infraestrutura)""}","{""en"":false,""pt-PT"":true,""pt-BR"":false,""es"":false,""fr"":false}","2023-04-18T23:06:25.000Z","2023-04-18T23:06:25.000Z",,
246,"tdp","88bd07c3-05a9-4a30-b732-c865d7ccbce1",169,"{""en"":""50101 Transportes mar\u00edtimos n\u00e3o costeiros de passageiros"",""pt-PT"":""50101 Transportes mar\u00edtimos n\u00e3o costeiros de passageiros"",""pt-BR"":""50101 Transportes mar\u00edtimos n\u00e3o costeiros de passageiros"",""es"":""50101 Transportes mar\u00edtimos n\u00e3o costeiros de passageiros"",""fr"":""50101 Transportes mar\u00edtimos n\u00e3o costeiros de passageiros""}","{""en"":false,""pt-PT"":true,""pt-BR"":false,""es"":false,""fr"":false}","2023-04-18T23:06:25.000Z","2023-04-18T23:06:25.000Z",,